time,AdrActCnt,BlkCnt,BlkSizeByte,BlkSizeMeanByte,CapMVRVCur,CapMrktCurUSD,CapRealUSD,DiffMean,FeeMeanNtv,FeeMeanUSD,FeeMedNtv,FeeMedUSD,FeeTotNtv,FeeTotUSD,HashRate,IssContNtv,IssContPctAnn,IssContUSD,IssTotNtv,IssTotUSD,NVTAdj,NVTAdj90,PriceBTC,PriceUSD,ROI1yr,ROI30d,SplyCur,SplyExpFut10yrCMBI,SplyFF,TxCnt,TxTfrCnt,TxTfrValAdjNtv,TxTfrValAdjUSD,TxTfrValMeanNtv,TxTfrValMeanUSD,TxTfrValMedNtv,TxTfrValMedUSD,TxTfrValNtv,TxTfrValUSD,VtyDayRet180d,VtyDayRet30d,VtyDayRet60d,block_height,halving_period
2010-07-31,866.5,2657.0,3397877.0,1288.5523714125745,31.873867080000004,230519.88728561412,11983.797440016488,203.70967728344908,0.001545353367723178,9.892009835532049e-05,0.0,0.0,8.48,0.5072135449444769,0.0019090000546760444,132850.0,98.67714610545197,8676.998346639393,132850.0,8676.998346639393,150.97511388928572,0.0,1.0,0.06573915254237289,0.0,0.0,3572050.0,17963025.0,3572049.97,8184.0,8593.0,428444.56999999995,27002.25827062975,93.87810420674316,5.996631740657101,5.012500000000001,0.34924307818026223,513410.16,32421.433668093487,0.0,0.0,0.0,71441.0,0.0
2010-08-31,624.4193548387096,6016.0,3964063.0,683.2053317160572,7.495971571612901,240887.0237023943,33519.89973940027,437.27522173842544,0.001670024357693677,0.00011055494205056349,0.0,0.0,10.970001400000003,0.7301723267572532,0.004086679908708913,300800.0,95.06649027484947,19353.703711484515,300800.0,19353.703711484515,203.2127506880645,0.0,1.0,0.06449807705360006,0.0,0.9288611903927145,3872850.0,18038225.0,3872849.97,5956.0,9199.0,798241.5000003997,51542.947329173796,146.67871261147968,9.353435846917913,15.02209677419355,0.9816466276842445,1192671.8199874999,76336.40648713295,0.0,0.031247447314693127,0.0,77457.0,0.0
2010-09-30,745.8333333333334,5545.0,4190418.0,760.6135352545716,4.4927943919999995,247847.68656931224,55989.64065944471,801.9291737390314,0.0002626339632207546,1.6201992305870577e-05,0.0,0.0,1.9796044199999998,0.12224663566073937,0.007410095085690547,277250.0,84.02366946848566,17137.41303223261,277250.0,17137.41303223261,160.79587901333332,0.0,1.0,0.0618093855250341,0.0,-4.070335664301077,4150100.0,18107537.5,4150099.97,7636.0,11857.0,1091679.4275003301,67472.9344983431,150.86633200356746,9.30922253079405,12.318499999999995,0.7599989701101694,1431966.7498232597,88476.35992179444,0.0,0.029914067015670853,0.024246503355204337,83002.0,0.0
2010-10-31,823.0645161290323,5895.0,4630511.0,816.0654815132514,4.246733359354839,470424.2461232953,107219.44648931753,1656.9957256055911,0.00011006991266687993,9.722907163535237e-06,0.0,0.0,1.0033037,0.08046625212914246,0.015893158991821758,294750.0,80.6933132919302,33575.18775838691,294750.0,33575.18775838691,77.49074002870967,93.60239745049573,1.0,0.10890799903847966,0.0,76.13118710905928,4444850.0,18181225.0,4444849.97,8490.0,13954.0,2431647.9542768896,247695.2957687847,379.16431764143533,39.366132642489845,18.837903225806457,1.70002820317066,4882093.218122369,499066.3870482018,0.0,0.048348231162939424,0.04296411847610198,88897.0,0.0
2010-11-30,953.6333333333333,5909.0,16576660.0,3332.9917172167866,4.691297996666665,1197047.9693974878,262026.69547595174,5080.802689264969,0.00033853485541299904,9.106704634826724e-05,0.0,0.0,5.09,1.3931858043483347,0.04816328957807314,295450.0,78.21163332548048,76764.91760639979,295450.0,76764.91760639979,128.23909900066667,188.6190522445267,1.0,0.25993445034093127,0.0,163.07033765887434,4740200.0,18255087.5,4740199.97,57514.0,33144.0,1633150.5799999996,427110.3684315273,225.94450868604437,58.5619098219478,21.426833333333327,5.744657963868107,2561326.8221757608,669958.5618343303,0.0,0.12365588391742124,0.09491806416707575,94806.0,0.0
2010-12-31,1006.7741935483871,5608.0,5122531.0,947.3431102189998,3.172623444193549,1197192.591825747,376715.8626157541,11781.744246756452,0.00023445812560063495,5.7053695790584875e-05,0.0,0.0,2.7266614199999997,0.669423309166897,0.10289230646074733,280400.0,67.6017654663159,67894.67499178843,280400.0,67894.67499178843,168.42923928322574,126.02684911364796,1.0,0.24434003282366476,0.0,-2.984493819075798,5020600.0,18325187.5,5020599.97,11523.0,20049.0,1171098.0999999999,284210.5972894216,119.70241737178138,28.92607546363135,2.882903225806452,0.707826397134858,2317074.91043398,569443.6041165004,0.0,0.09354474695358082,0.11224633117813082,100414.0,0.0
2011-01-31,1606.774193548387,5161.0,11034204.0,2152.38619716863,3.5890523438709683,1905721.0106266984,530402.1763401259,17842.010768770768,0.00023303708202783105,9.397056374930735e-05,0.0,0.0,8.41068051,3.566059020911352,0.1475267161056883,258050.0,58.96539626394969,95434.94441104616,258050.0,95434.94441104616,134.1197533787097,155.4418282283179,1.0,0.3689957915009143,0.0,49.41980444268945,5278650.0,18382350.0,5278649.97,29788.0,50985.0,2328389.8600610704,920799.3488822525,69.7635758097697,27.00651939971662,1.5091935483870969,0.5695342993380592,3426955.7228457103,1367700.011676974,0.046198004683928734,0.06037117493245478,0.07793597421546916,105575.0,0.0
2011-02-28,2867.9285714285716,5566.0,14885082.0,2660.7781628670004,4.835539438571429,5004840.399471945,1051078.9502816948,30001.246460093702,0.0003127078006597231,0.00029074279303483656,0.0,0.0,13.137317909999998,12.55474174200568,0.2991121263838756,278300.0,66.91361013004936,258811.73161423154,278300.0,258811.73161423154,88.14685791071429,202.33323040439106,1.0,0.9236703238290056,0.0,159.83946607161883,5556950.0,18417137.5,5556949.97,41589.0,75828.0,1908655.9069258897,1752042.3100722628,57.899052623723094,52.45367322413108,2.7726785714285715,2.4865660795033193,4237665.250835929,3924958.292437983,0.08205391206431255,0.08682852181919479,0.07479728361648876,111141.0,0.0
2011-03-31,3915.0967741935483,4902.0,27098048.0,5897.768933063088,2.957049209677419,4855304.682636729,1650707.5175403506,68844.60165138525,0.0017555198965114591,0.0014955911545077134,0.0,0.0,130.7963255,110.68007755878166,0.5278768611393381,245100.0,50.78167254931085,210054.8554686148,245100.0,210054.8554686148,65.79310593645162,92.53970972426842,1.0,0.8539480755830396,0.0,-0.6599744164182986,5802050.0,18447775.0,5802049.97,78326.0,138767.0,3550104.1979276994,3111204.753801665,74.80261447505973,66.90802704379814,1.6629032258064518,1.42217230558304,9082638.595488092,8064282.416014712,0.08377077905704775,0.05130099890436605,0.07252199449264521,116043.0,0.0
2011-04-30,4845.733333333334,5088.0,29029473.0,5714.933316665514,3.3561934649999996,7466638.753678108,2111650.5247069607,84935.3640289998,0.0023871540530469235,0.0029685278018072663,0.0,0.0,162.77588569000002,229.77077560240784,0.7158629887725455,254400.0,52.17254133810184,324963.25333042094,254400.0,324963.25333042094,75.18832556266668,91.7460865969665,1.0,1.2518308220826033,0.0,50.34838083800708,6056450.0,18479575.0,6056449.97,68885.0,145087.0,3435125.15420636,5409355.674370418,85.83508773270319,107.06010023287396,1.5950000000000002,1.9124634053168232,13554369.570830008,17953748.16977017,0.08393009764167683,0.05218408180706509,0.053358434649747544,121131.0,0.0
2011-05-31,9833.548387096775,6739.0,56834579.0,8661.966421763662,4.994637245806452,38850883.01458699,7885616.081728639,212297.22538043367,0.003109415365699693,0.020015511118849492,0.0,0.0,417.08251476000004,2827.5353146038588,2.2241542944725654,336950.0,63.690421655727306,2106952.198654121,336950.0,2106952.198654121,53.500230575806455,144.99727269731,1.0,6.208499431684926,0.0,424.694534845083,6393399.98999999,18521693.75,6393396.96894086,129982.0,310698.0,5450178.871359658,34092091.757570386,38.989792709915896,240.50407428436534,1.1261984616129033,6.526035111199718,11510936.097545661,75481834.9773962,0.08220283928699174,0.11348437373203683,0.09230249844881715,127870.0,0.0
2011-06-30,24097.933333333334,6256.0,133611873.0,21863.751303534395,3.9505855609999996,118186403.18456475,34723277.0090137,808784.5174883668,0.002726291457368773,0.049859148047654546,0.0,0.0,843.3085808300001,15792.42383704583,8.102912816786246,312800.0,58.06811365630609,5661662.379214599,312800.0,5661662.379214599,26.810007040666665,112.03217913069685,1.0,18.025088446814728,0.0,219.89660821611687,6706199.98999999,18560793.75,6706196.96894086,311290.0,749533.0,10081071.29255668,182890123.6057312,94.86162595460057,1677.8460341946536,0.7904428583333333,14.39946862026802,72742831.63868608,1293155413.0867476,0.093272861739688,0.1438445379819818,0.12931638290631903,134126.0,0.0
2011-07-31,25022.967741935485,4914.0,116938396.0,23957.92302022017,1.9779599425806456,95799240.8409767,48446805.335166045,1578815.0539358063,0.0014370578257981925,0.020231397718076097,3.2258064516129034e-05,0.00046965975371410804,381.38248206,5375.99906421522,12.438344362802011,245700.0,42.34177303928878,3446761.0340874926,245700.0,3446761.0340874926,42.54958194935484,32.92860533161856,1.0,14.025722259082599,9610.913654500406,-17.786509868699458,6951899.98999999,18591506.25,6951896.96894086,262425.0,765977.0,5579911.958035401,78483572.48371767,48.61098255093176,678.5884891375782,0.26594705661290324,3.7118237944157473,37421662.170778885,523479906.2054864,0.09696693077701403,0.07182678658080284,0.11901581124140521,139040.0,0.0
2011-08-31,20764.612903225807,4373.0,103595047.0,23792.539279909914,1.474641141935484,70683598.90699892,47890666.060632326,1841661.0880040913,0.0010637024577636195,0.010393413467606031,3.580645161290323e-05,0.0003886147857487603,244.60389744999998,2414.411997962836,12.906765788073994,218650.0,36.44319960474875,2199794.9233413357,218650.0,2199794.9233413357,55.75539048225807,21.00816056100348,1.0,10.007244984191477,15437.123262553869,-28.189002424619023,7170549.98999999,18618837.5,7170546.96794085,231937.0,613773.0,5009761.353859428,48401332.94165243,27.607699562886264,267.6064893658927,0.4054210819354839,3.9810052814393084,17098914.1260033,166699928.5281569,0.09975853325530665,0.09915257567395826,0.08974266061939629,143413.0,0.0
2011-09-30,16546.1,4157.0,88279486.0,21312.958508141845,0.9553608173333329,43170505.49712442,45051729.22076035,1757905.8542498392,0.0008422626567151485,0.005069368869730705,0.0,0.0,161.73643469,984.8367041458936,12.111925854098178,207850.0,34.74892082552534,1238277.4423656932,207850.0,1238277.4423656932,57.82440659633333,17.52294823515641,1.0,5.938308926388079,9504.710658267073,-38.80908472678282,7378399.98999999,18644818.75,7378396.96794085,190487.0,541014.0,4503779.299570621,26345885.69744751,33.65304529823545,209.28652033472432,0.7427198118333334,4.431066421112963,17392740.92911962,111913306.57424048,0.10497545908421967,0.08791186857080015,0.09521604367086058,147570.0,0.0
2011-10-31,12841.193548387097,3749.0,71487803.0,19277.192436614867,0.6236597819354839,27121948.000377566,43391856.608654015,1553211.0592029325,0.0007177327258660961,0.002662661803615156,0.0,0.0,119.31579929000002,448.55224525174464,9.347445028136011,187450.0,29.526849702140403,686580.6844819111,187450.0,686580.6844819111,52.52859165000001,21.331048229403567,1.0,3.632088300314851,3903.796969180851,-38.14022142535322,7565849.98999999,18668250.0,7563237.60489766,164892.0,370356.0,4649778.0089566605,16524833.928849015,31.976927042806693,114.38800348907317,1.0513234233870965,3.8014948926219305,11827659.86118561,42658322.64626684,0.10712513870515186,0.07951342335628361,0.0837952369342353,151319.0,0.0
2011-11-30,12603.333333333334,4137.0,72555314.0,17582.290443281592,0.5114666756666667,20593160.739688035,40175054.08553889,1192412.0857272258,0.0006001967805559254,0.0016011965532230267,0.0,0.0,98.56053548,264.95904322006146,8.17112607510913,206850.0,32.802120315081716,557856.5750414815,206850.0,557856.5750414815,42.73211172566666,25.498897773980545,1.0,2.6850392432008574,970.7883552316008,-22.833044124510646,7772699.98999999,18694106.25,7770087.58489766,164894.0,352511.0,10657235.939385157,28235634.32045285,146.39866519139196,367.4070357561933,1.0676174108333332,2.8783081582437258,49635438.00685456,125767295.47287428,0.1009059392043722,0.09203570961943906,0.08644969615531353,155456.0,0.0
2011-12-31,11970.161290322581,4585.0,76458046.0,16776.610555374544,0.7159702219354837,27581612.475062933,38468824.24101464,1131394.8233235253,0.0032186639770728754,0.010557075079068659,0.0,0.0,505.58724485,1658.4798123275245,8.31356828434936,229250.0,34.208616091483,801383.1325961717,229250.0,801383.1325961717,38.8119470916129,29.858387503343142,1.0,3.4910424586734794,1327.3072998875327,32.68908019056524,8001949.98999999,18722762.5,7999337.59489766,167813.0,342236.0,13027095.99292356,41202729.91098197,119.75102247415848,374.6465768176547,0.9555425717741935,3.3352869220640695,44721786.619086996,139242259.2520347,0.08316025074110649,0.055263376301487026,0.07587206308238464,160041.0,0.0
2012-01-31,14210.645161290322,4744.0,97542414.0,20684.637942193127,1.2008731929032257,49761709.223198615,41442782.096181095,1246180.6348078137,0.002976127865034004,0.017520557712466946,0.0,0.0,582.03782178,3436.9494632032893,9.470665193124628,237200.0,34.378366460521185,1454479.6265791056,237200.0,1454479.6265791056,53.27174818290324,48.411684140222896,1.0,6.125424524697874,1610.9231731227792,77.445326953447,8239141.34443302,18752412.5,8236528.94883069,195236.0,400404.0,5050584.837469898,31089462.217337023,23.090050493103597,141.85362141932498,0.8042915464516129,4.8971280591901065,9249044.830746349,57047210.10434958,0.08361622328179344,0.06801441501504828,0.06284263081001024,164785.0,0.0
2012-02-29,15536.931034482759,4355.0,94104790.0,21819.063740085036,1.0093253599999998,42694946.18644054,42268444.22992621,1369794.3952410826,0.0007522772661409582,0.003903470432926718,5.172413793103448e-05,0.0002252485079102764,157.11667531999996,811.3212252180266,10.223980349384423,217750.0,32.81693071087257,1113641.76461277,217750.0,1113641.76461277,47.49689031551725,36.42441634965695,1.0,5.116484992492796,464.886779620725,-16.247196190047468,8456890.41075376,18779631.25,8454277.82484445,204036.0,422123.0,6301202.882061871,31069546.98933781,31.758701594430878,154.7993709341183,0.7093502877586207,3.6367456226636827,13887566.272359205,67407040.16555154,0.0752601190525626,0.05646773614453026,0.06421465640444846,169140.0,0.0
2012-03-31,15267.516129032258,4669.0,95659883.0,20674.507394503984,0.9933926522580646,42061942.07472018,42340672.536892615,1503745.4430548449,0.0007812339696530294,0.0038337156807273513,0.0,0.0,155.3775804,763.4436692260242,11.263038361834276,233450.0,32.04758164174981,1145228.1974165838,233450.0,1145228.1974165838,52.53402836,43.43318850732539,1.0,4.905492498604852,480.1613154706909,-2.8025134678720254,8690340.32815376,18808812.5,8687727.33399414,198701.0,427623.0,5335963.20732669,26160717.771572802,37.964032796898486,185.22922611029213,0.7611981498387096,3.727636866002258,16277181.3331122,79462476.77716723,0.06862271088537261,0.041456706983936345,0.049762930857816745,173809.0,0.0
2012-04-30,16886.1,4210.0,104495163.0,25033.98953261866,1.028637357666667,43908912.37601154,42680302.86538156,1588193.2797730213,0.0007376882955374841,0.0036898377154839235,3.3333333333333335e-05,0.00016732560159750634,164.90758225,825.927525829324,11.06474060383562,210500.0,29.107448793593168,1051073.685741949,210500.0,1051073.685741949,42.03358040500002,44.98312095902273,1.0,4.9915828611435815,363.0897071347186,2.033818176933468,8900840.32815376,18835125.0,8898227.32974908,220924.0,462743.0,6754599.428670371,33770470.8231643,66.87910493811536,335.2923993768838,0.7820312021666668,3.909274118858534,31216582.947559,156733815.460133,0.06025051360088554,0.02533021895055492,0.03406109681293167,178019.0,0.0
2012-05-31,26021.1935483871,4414.0,295141480.0,68927.66418975088,1.0494117529032256,45746552.564169355,43593167.96447309,1637978.6315600106,0.0007109676734227947,0.003604293251812271,0.0005000000000000003,0.0025358672514375668,467.954632,2377.5441139809595,11.53556434006856,220700.0,28.826954268368294,1119030.6834646845,220700.0,1119030.6834646845,35.10980542709676,43.76589838814568,1.0,5.071734502875135,-10.755662509738846,1.672690772014297,9121540.29451876,18862712.5,9118927.29611405,656718.0,1358448.0,8501633.225425709,43169023.974984564,54.16140023976851,274.6134354282161,0.20143708903225804,1.0175013713300114,71365788.73229548,362526700.44491696,0.04793157995658665,0.012982485034429312,0.019895187615573448,182433.0,0.0
2012-06-30,34284.73333333333,4535.0,438384654.0,96450.42277024136,1.2461969563333333,55860249.50691327,44765500.21447464,1634295.9317469625,0.0006631864369594398,0.004023820426840054,0.0005000000000000003,0.0030210124951977405,646.23576223,3913.2102583053984,12.265901807000215,226750.0,29.86269957439305,1367950.7405567064,226750.0,1367950.7405567064,32.50127402933334,43.18546950919099,1.0,6.042024990395481,-65.57420789835876,19.00210513997217,9348290.20931876,18891056.25,9345677.21091405,982009.0,2096651.0,9215466.92583004,55579131.1287882,41.55728551944716,246.90675299323456,0.0822943025,0.4911188184908127,80649879.27877231,480539826.3867859,0.04289909387593347,0.01647638720444306,0.015605986613243607,186968.0,0.0
2012-07-31,34995.096774193546,4773.0,392321559.0,82922.4138502295,1.5670142241935485,75159493.94119692,47842635.07491872,1810478.158569499,0.000661068560633139,0.005212706412760267,0.0005000000000000003,0.003964861020682113,590.4305005,4736.362384418795,13.857629621923632,238650.0,29.66862449806051,1894669.558584556,238650.0,1894669.558584556,32.63317512806451,44.74973296501902,1.0,7.929722041364227,-42.884357175201465,30.52177061388294,9586940.09642876,18920887.5,9584327.09802405,896043.0,1862603.0,9672508.90767722,77116453.6244785,30.470627270351287,237.5632148575382,0.1259785290322581,1.0141971742203983,55344784.61332904,439313371.02900577,0.03315221716562475,0.02704849686489874,0.022658806444998503,191741.0,0.0
2012-08-31,44115.8064516129,4879.0,461299914.0,94988.9688047151,1.921016287419355,106076828.54106088,55324088.42764911,2189887.5589065156,0.0007169082826175619,0.007824909621737906,0.0005000000000000003,0.005461353575205975,777.5214673299998,8535.055407827644,17.125381397679,243950.0,29.573791733797947,2661339.515685171,243950.0,2661339.515685171,27.94770432580646,45.128526454081324,1.0,10.922707150411952,12.837320049334746,38.25522727314413,9830890.02751866,18951381.25,9828277.02911395,1092696.0,2203452.0,11833040.736804571,127178812.57968447,63.01817561754397,664.8843385936112,0.14220394806451617,1.544432070663252,134869967.61768973,1424144874.25479,0.03487606878361303,0.05730475570126103,0.04533564883449685,196620.0,0.0
2012-09-30,38789.833333333336,4695.0,413489505.0,88299.70093792486,1.8381525920000006,115748663.33207089,62903415.46843205,2708384.4253577613,0.0007254655691763104,0.008423844401124496,0.0005000000000000003,0.005812519754826614,692.10654161,7982.306552122178,21.049284395234128,234750.0,28.699765256657493,2727689.831846859,234750.0,2727689.831846859,30.142784052333337,36.157054399394056,1.0,11.625039509653227,107.30003041218328,7.191419374737777,10065639.98261183,18980725.0,10063026.98420712,940909.0,1976919.0,10478900.571199108,122026060.47876184,169.32948946064792,1979.9167718061142,0.08579145633333334,0.9841575995833761,334048394.5878997,3891258393.1840086,0.0427924790912482,0.06181246656314634,0.06781488217069914,201315.0,0.0
2012-10-31,42124.709677419356,4608.0,442912358.0,97129.25398442287,1.7360065874193547,119506976.55948083,68896086.50688589,3065827.380823423,0.0008618332335348207,0.010238123106003449,0.0005000000000000003,0.005870526550371411,811.2893877900001,9700.457760711526,22.65861066618393,230400.0,26.637207742404843,2698163.5276938346,230400.0,2698163.5276938346,30.73355755806452,30.592729530419724,1.0,11.741053100742823,245.46169145960712,1.49684052113668,10296039.95951183,19009525.0,10293426.96110712,929979.0,2179617.0,10786279.891137501,126948125.55001895,28.28020216098528,330.4799050960874,0.049800804354838725,0.5793272412815713,60956420.93529936,716026530.5405108,0.04226817184839467,0.01747562183171469,0.04563399473804001,205923.0,0.0
2012-11-30,38951.166666666664,4431.0,439055311.0,99159.35755550895,1.654473175333333,119505081.3614961,72169488.2267671,3354197.0662304848,0.0008781381369422973,0.010129387003285957,0.000516666666666667,0.005913940998236897,819.92684327,9496.087247874808,24.630495876540735,212675.0,24.866781771436997,2433995.7771690227,212675.0,2433995.7771690227,36.88940391100001,30.044770483761567,1.0,11.476865208513535,337.24431843236636,-1.4134894663844726,10508714.94251183,19037218.75,10506101.94410712,942427.0,2134588.0,8902269.63224897,102237936.46901186,20.07121534254004,228.35182461582608,0.05626746733333335,0.6401109242970643,42855807.737615116,490174502.94450516,0.04311635754883429,0.023636395193828017,0.02122433015411858,210354.0,1.0
2012-12-31,39902.3870967742,4213.0,522766277.0,125764.37979229847,1.8170961596774196,141252312.33907378,77738663.98235983,3322293.3257113784,0.0008167217227868405,0.010926791379491619,0.0005161290322580648,0.006904205323627007,933.50257464,12513.619788212829,22.368152490317463,105325.0,11.740178729265489,1407547.4512011108,105325.0,1407547.4512011108,35.16516985258065,35.96530031703707,1.0,13.373176563997662,285.271831406286,16.53761510623776,10614039.91451183,19063550.0,10611425.72610712,1140761.0,2433635.0,10005630.397667391,134158050.37006557,20.248076056749316,271.1855776431504,0.054360263387096756,0.729027230618342,48099381.18104857,645547371.4671565,0.04285605943496767,0.015550019796912291,0.02006773726762526,214567.0,1.0
2013-01-31,51753.32258064516,4444.0,646146483.0,147584.02891522044,1.988580258064516,166722196.67345545,83510286.42410399,3109843.5795069933,0.0009161031172999694,0.014253793034585883,0.0005000000000000003,0.007809010623023699,1319.17046538,20662.676406226616,22.0837131641295,111100.0,12.25822036394887,1743017.1785906823,111100.0,1743017.1785906823,26.026484716129033,39.44345194491171,1.0,15.618021246047395,157.8452508718516,16.569478220474725,10725139.85351183,19091325.0,10722525.64110712,1421807.0,2973377.0,13745428.376488931,221664101.08017987,16.106040170351598,250.0732603552444,0.06165478467741937,1.0028227705793085,47432731.67860639,742711490.0174315,0.04166283037867738,0.013469119894981927,0.015087547755234907,219011.0,1.0
2013-02-28,54325.03571428572,4658.0,728220109.0,157295.96962944488,2.6422872049999997,281520926.2094278,105922581.10696061,3373809.9627834237,0.0008886904329827198,0.02319760109037065,0.0005000000000000003,0.013046728545133697,1416.3419719899996,37139.71652771104,27.961871081013438,116450.0,14.074717794343758,3059143.783995535,116450.0,3059143.783995535,25.226685574999998,44.830116500946865,1.0,26.093457090267396,427.4500085720255,69.12340768975436,10841589.81801183,19120437.5,10838975.60560712,1593002.0,3261715.0,12411254.146131532,319238630.7168957,11.88310319481464,305.51845078808356,0.04968800874999999,1.272940330533474,38470706.801005654,994870213.2729118,0.03193710537214146,0.02729058787471958,0.022431310957233587,223669.0,1.0
2013-03-31,63891.096774193546,5343.0,825844107.0,157676.54188088185,3.631500006129032,629759490.9584517,169372110.9265078,5067445.552569326,0.0010066880411514424,0.057947769440970916,0.0005645161290322583,0.031665913092939556,1720.1159157999998,98160.92435548082,43.35051826110077,133575.0,14.414983153611825,7767534.25963971,133575.0,7767534.25963971,29.671889690645163,61.00879947995758,1.0,57.664233580441355,1084.1432870037083,117.11354979617956,10975164.80651183,19153831.25,10972550.59410712,1693725.0,3759408.0,12052602.639778063,698068035.3390648,13.493591126301189,779.3385595325021,0.03694052935483869,2.006158702672578,50035988.62454318,2907920263.3368225,0.027253069618948772,0.04332990524400402,0.03614598480273779,229012.0,1.0
2013-04-30,94770.8,4967.0,844936117.0,170778.782082471,3.467388833,1418694254.9888508,421445929.92431515,8129385.259464073,0.0009341129151285975,0.11826681270341156,0.0005000000000000003,0.06425375359583257,1593.59819589,202980.0555564156,66.67924140034226,124175.0,13.68571262064205,15970174.763602115,124175.0,15970174.763602115,30.807401579,64.60844876436582,1.0,128.5075071916651,2480.4902163144793,139.22275607413764,11099339.80381183,19184875.0,11096725.59124022,1700942.0,4525811.0,12524431.62134645,1615783901.2561357,10.249079586297167,1302.009549489725,0.01843628233333334,2.429694033315607,45434475.94944125,5813637517.437965,0.06470980974610331,0.14307045547886546,0.10576535820556085,233979.0,1.0
2013-05-31,79724.90322580645,4977.0,843649024.0,170182.99740027296,2.49307674032258,1313201994.5484312,526276424.9832612,10961968.011720955,0.0009104508974639291,0.10703246017343655,0.0005000000000000003,0.058810926925628296,1589.1738829499998,186470.27254017247,87.57001875655656,124425.0,13.123211499151843,14677318.106916334,124425.0,14677318.106916334,47.43989920903226,40.115706212626776,1.0,117.62185385125657,2218.6729705893745,-2.7495805597539347,11223764.80331183,19215981.25,11221150.5907402,1742065.0,4530590.0,7830828.524440239,914711075.0170854,4.277460632630007,503.79879649461014,0.01883491177419355,2.243901711391035,19164611.71964796,2247291819.0729313,0.08430064600002567,0.11177740423067159,0.14055702213443344,238956.0,1.0
2013-06-30,64593.26666666667,5208.0,657278073.0,126939.53216302808,2.090091221666667,1184167637.056238,566899763.1412637,16930783.33431637,0.0008888936375110563,0.09347936778447193,0.0005000000000000003,0.05244031001075396,1251.4355646799997,132872.31498403818,143.90124116465225,130200.0,14.029832084055982,13753763.780558713,130200.0,13753763.780558713,49.130914761999996,32.232173825574385,1.0,104.88062002150788,1662.0846386522069,-10.031073971659316,11353964.80331183,19248531.25,11351350.59074021,1400230.0,3082600.0,7193547.97615877,755293399.3614911,5.2644095955490515,547.513367332096,0.05195326466666667,5.329410563020508,16130270.853276804,1695338850.7804453,0.08534332862752958,0.0321837603918648,0.0806193364484469,244164.0,1.0
2013-07-31,62659.709677419356,5365.0,561034638.0,105646.17487832691,1.7203140929032257,978380477.5525994,568427013.6076354,26124770.937107403,0.0007645060291622573,0.06542868875619666,0.0005000000000000003,0.04281513353915839,923.15296184,79430.09812190289,224.0072443319828,134125.0,13.824766887249165,11458278.52961026,134125.0,11458278.52961026,42.198452839677415,33.429122591614494,1.0,85.63026707831678,987.3911350516383,-16.404141055848047,11488089.80131183,19282062.5,11485475.48874021,1202124.0,2659506.0,8952746.788424032,762303331.7337022,9.126079003790638,777.1666299464543,0.08068002354838712,6.881339874544181,24362528.17353902,2084862878.859686,0.08801072873147789,0.052182841375410495,0.04355652514571567,249529.0,1.0
2013-08-31,76095.0,5837.0,783073037.0,135396.61604563802,2.005854277096774,1200030691.8952022,597396091.9699147,48336496.99754166,0.0007761727349339298,0.08177663510831185,0.0005000000000000003,0.05187356520870648,1355.06151085,143664.8044273848,450.33728145522326,145925.0,14.858676790535176,15142268.75724737,145925.0,15142268.75724737,48.21505332290321,46.99021599852413,1.0,103.74713041741295,861.5545137576336,21.08731812132912,11634014.79581183,19318543.75,11631400.37814021,1707816.0,3554650.0,7853631.390309738,815199541.3785518,6.774649762348827,699.5570612177551,0.05695429903225806,5.858145942249519,24136162.71213765,2500730060.0304255,0.08795930038387659,0.02547116751564723,0.04235224501667431,255366.0,1.0
2013-09-30,70859.13333333333,5627.0,720557374.0,129550.18404153115,2.2323706190000006,1459290075.100537,653977459.6349517,104895154.33695292,0.0007998094888832237,0.10025441179897393,0.0005000000000000003,0.06232331511449447,1337.1633914200002,167592.9140210127,968.4252553041712,140675.0,14.620367934734336,17548250.157092553,140675.0,17548250.157092553,52.811188253,56.875288549847205,1.0,124.64663022898888,976.7594194253757,20.82773376679894,11774689.79571183,19353712.5,11772075.46754021,1592290.0,3340443.0,6959335.582605041,867627471.3475857,5.5708071664902095,695.2779974729922,0.05537487066666667,6.914650549321679,18598891.618764997,2319181620.689338,0.085842732015349,0.023246016936362985,0.024146575655690575,260993.0,1.0
2013-10-31,86047.06451612903,6199.0,800318816.0,129853.08694084344,2.4665989125806447,1828828787.1649458,734590178.6073045,244373251.94178212,0.0006646907615391951,0.10465335718875833,0.00039752258064516143,0.057146784194034746,1088.43846084,171737.77479433492,2414.233553725631,154975.0,15.392449185733923,23980789.19586374,154975.0,23980789.19586374,48.01261252096774,62.98211739143048,1.0,154.16304745902798,1230.9656707813324,23.589725057524024,11929664.79461181,19392456.25,11927050.46643996,1639345.0,3606199.0,8416361.462359821,1308146426.7389288,7.177286484134802,1132.130469456287,0.045715184677419356,6.933573963016384,26251937.59447279,4165105011.4846306,0.0546526763764053,0.0486284246308852,0.03820960331316709,267192.0,1.0
2013-11-30,139175.63333333333,5192.0,983334355.0,193411.03230640184,4.406665227666666,6565010166.137189,1408511420.2748866,539800190.554419,0.0006701794321882723,0.2690961108102403,9.999999999999996e-05,0.0546337333877097,1186.0181003900002,529831.4369048936,4612.1796526984535,129800.0,13.163970730539939,70147731.92282401,129800.0,70147731.92282401,34.853840354333336,114.62343158657717,1.0,546.337333877097,4536.79756026426,230.5312325168835,12059464.79461179,19424906.25,12056850.54928875,1956504.0,4435766.0,11546363.70405389,6848601590.949483,9.411924847945533,5882.087233598873,0.07142260633333333,38.17050002129481,44376973.70800372,30160591207.388554,0.045724029715987886,0.060468377903810676,0.05753629246106092,272384.0,1.0
2013-12-31,148692.70967741936,5616.0,990974317.0,177182.71738283473,3.1295552799999995,9585805451.030905,3090266812.8477407,939227134.6790506,0.000253986792175226,0.20184029408147022,0.00010032258064516124,0.07926258464424502,494.1933002499998,398608.69936350285,8393.809352024775,140400.0,13.626129560213897,110855196.63987306,140400.0,110855196.63987306,49.03688333064517,70.49185333903738,1.0,790.4378136744031,5823.09303037586,104.53641662088441,12199864.79395749,19460006.25,12197250.54852525,1929335.0,4711060.0,8609788.35425984,6852913856.780095,6.763593179862581,5309.977006779775,0.040095683709677414,32.07003235369386,32524987.18609841,25729071150.624783,0.06402432346089575,0.11307375386414098,0.09298619762672769,278000.0,1.0
2014-01-31,138905.09677419355,5472.0,927392299.0,171422.3597565964,2.82323850483871,10046486709.909643,3564132103.104558,1733111065.8490593,0.00024102284027907546,0.19802940124839918,9.999999999999995e-05,0.08187494382226632,438.63127764,360683.14154965425,15100.457611065294,136800.0,13.126821081066067,112194075.00866753,136800.0,112194075.00866753,70.92089416612903,54.13625309382509,1.0,818.7494382226635,5245.744846691091,8.03668649481099,12336664.79395748,19494206.25,12222626.67838102,1811815.0,4547099.0,5566486.627014669,4558333315.125243,3.845642929615604,3152.7639894492427,0.03279134887096774,26.836937925589904,17465079.95624522,14324337416.876331,0.06859165106814148,0.07333848419783996,0.0981169163004363,283472.0,1.0
2014-02-28,169436.0,4902.0,1033768877.0,212004.4902556079,2.1183477510714286,8178318925.502833,3864786055.554817,2785170511.3185077,0.00021525736097841524,0.14170577147372415,9.999999999999996e-05,0.06597726451191667,396.65627167,259524.94391007273,24222.610248108987,122550.0,12.883236032601024,80859948.11070213,122550.0,80859948.11070213,62.60100291500002,41.139833247525935,1.0,659.7726451191668,2541.251472904044,-19.80098894421935,12459214.79395748,19524843.75,12204524.22275911,1843950.0,4981132.0,5907455.427243621,3865063445.4587936,3.2932812794368975,2184.3201427005088,0.042151121785714285,27.47119106271899,16291317.513064131,10718618867.603485,0.07007606585653256,0.03818626382268724,0.06010023799874242,288374.0,1.0
2014-03-31,179112.06451612903,5113.0,1187940273.0,234926.14336333761,1.824059298387097,7435300799.512347,4084131303.9443135,4253574105.2198305,0.0001995839817551465,0.11871401806976357,9.999999999999995e-05,0.05938357570761405,419.4002260799999,250791.64904437604,34920.636502400695,127825.0,12.016160691709976,75759795.43186402,127825.0,75759795.43186402,64.00590014870967,45.98258135479709,1.0,593.8357570761406,1061.3252883672571,-10.124562445309019,12587039.79360286,19556800.0,12195448.97155657,2095357.0,5851463.0,8884494.45410321,5423261730.805475,4.409979152281419,2656.792144952041,0.03233449032258064,19.250404901275406,25351350.725137383,15321054198.910904,0.0730495197400834,0.05505567132664688,0.04753887979048314,293487.0,1.0
2014-04-30,167218.16666666666,5030.0,1100432981.0,221017.29635133516,1.4190830940000005,5862177516.691151,4130545414.5547028,6370508638.543447,0.00021096407422155027,0.09778631766807193,9.999999999999996e-05,0.046327574406914415,398.02341464000006,184767.3620149152,52780.149165515366,125750.0,12.092689294666691,58244428.72404249,125750.0,58244428.72404249,83.72920199133334,41.62032820602158,1.0,463.2757440691442,286.88831496595145,-21.120767963196784,12712789.79254827,19588237.5,12184648.48927178,1886397.0,5378278.0,5010779.125656719,2321155355.469694,3.0551184175137065,1418.6960809076947,0.03566663566666668,16.465263559085102,16386103.93331022,7614089041.894051,0.07456509754260746,0.05916100403362746,0.05730551007004851,298517.0,1.0
2014-05-31,160659.38709677418,5039.0,1150647561.0,229519.77741916,1.49447062483871,6242175921.760113,4172200955.14131,8923798172.951048,0.00018663653837759325,0.09103790897499575,9.999999999999995e-05,0.04883541081298039,370.84294158,180833.37754254916,71960.23815978815,125975.0,11.608125863027706,61376766.8904474,125975.0,61376766.8904474,92.20602248967737,53.796435072004215,1.0,488.3541081298039,314.29255097098763,5.986889816828678,12838764.79102854,19619731.25,12180922.73764294,1987543.0,5490587.0,4631222.14239475,2297271755.997604,3.984953179266828,1968.382952621606,0.031561823870967745,15.610372643073633,21833353.8782671,10780965132.232746,0.06977701502502234,0.03930034554856366,0.05152395721225036,303556.0,1.0
2014-06-30,170193.9,5120.0,1087371698.0,214926.1501741932,1.7929852463333333,7937651611.650532,4430766755.42972,12457787971.7454,0.00018138546077746192,0.1116220258071997,9.999999999999996e-05,0.06151821912526789,329.0896285400001,202669.8462600935,105509.48627256548,128000.0,12.06784753001398,78540989.29896261,128000.0,78540989.29896261,91.719677376,91.44365386424838,1.0,615.1821912526788,490.08100025218533,27.988954951608402,12966764.78948254,19651731.25,12226821.59152539,1813379.0,5345474.0,4632925.045552201,2845114752.133575,3.394342028970589,2103.2100973027323,0.026620517333333333,16.43414618679394,18119439.595306396,11230347579.443182,0.052545491344453306,0.032403441275093384,0.036259812593692715,308676.0,1.0
2014-07-31,171732.96774193548,4732.0,1144732563.0,243428.49948891465,1.7450845632258065,8050686418.674946,4614471421.761515,17412623103.900295,0.00017348168267177432,0.10732486904659376,9.999999999999995e-05,0.061803221931766,334.7413883300002,207011.66642806286,132150.3575934854,118300.0,10.691697924186453,73087665.68915927,118300.0,73087665.68915927,107.15797344,96.67222598744367,1.0,618.03221931766,629.6677874101806,0.5189198252116417,13085064.78676174,19681306.25,12281165.25858061,1928091.0,5575496.0,4001530.2243295093,2479230163.60346,2.275277048944232,1412.0826623550192,0.023085388225806452,14.207979675304122,12617122.36023353,7831420456.00258,0.043574425522898697,0.020996133620603964,0.02744374689325164,313408.0,1.0
2014-08-31,184443.64516129033,5127.0,1229403850.0,242207.95315522494,1.4955852738709678,7050387829.670368,4714651584.272847,21121485092.209213,0.00017850059871920545,0.095102549672805,9.999999999999995e-05,0.05362484526854132,371.91031850999997,198154.8650083945,173876.52023232717,128175.0,11.47549123039842,68543898.08440027,128175.0,68543898.08440027,104.90056355096776,83.3817650523235,1.0,536.2484526854132,423.61222442231076,-13.054153029871376,13213239.78606057,19700425.0,12363184.51316972,2106685.0,5912339.0,4128223.4708311106,2208887858.3201084,3.415867848843597,1793.6652337251394,0.02454551387096774,13.080532905983645,19973850.77365363,10485638762.437489,0.041253677446310956,0.0219743255710482,0.02188596053265921,318535.0,1.0
2014-09-30,194345.43333333332,4738.0,1258490539.0,268805.5294903775,1.2535338776666665,5891601563.11787,4698676923.820533,29633475700.783012,0.0001830730554367449,0.08080799698574279,9.999999999999996e-05,0.04439055956583673,390.81452598000004,172414.4725323936,231917.77981407894,118450.0,10.856573229225047,52666208.7322623,118450.0,52666208.7322623,99.04690745066668,78.37182208418237,1.0,443.90559565836736,256.45114889475485,-16.783179721348397,13331689.785569001,19715231.25,12406480.97414795,2139754.0,6054538.0,4260849.826825201,1869735919.3911455,2.020635569669685,889.9992813017237,0.028976755666666666,12.907137161797197,11972162.44563758,5260325336.735358,0.03672669728213616,0.02851385487237029,0.02578126188013329,323273.0,1.0
2014-10-31,201725.0,4670.0,1380235372.0,297293.924938496,1.0598169738709677,4860982778.823822,4586710295.3707905,35182311073.40847,0.000161922087610112,0.05876691265937019,9.999999999999995e-05,0.03629962296934447,385.19784236,139681.17011871128,263539.4209172466,116750.0,10.264708702003906,42305710.76607624,116750.0,42305710.76607624,79.01853280354837,71.34488602917902,1.0,362.9962296934448,145.81739383215665,-17.2568774826123,13448439.78566886,19729825.0,12475329.80359824,2385160.0,6644644.0,5559532.380612819,2006923303.5473905,2.587854363881107,933.9427491895407,0.03641078903225806,13.291152646364392,16873815.77338867,6080318660.247447,0.0307467505541232,0.03618950946788934,0.03257017799707465,327943.0,1.0
2014-11-30,213475.46666666667,4424.0,1459497795.0,331219.4214277429,1.0861881,4942616218.931787,4550120483.909902,39386218513.63427,0.00015587913653877954,0.056954458949504315,9.999999999999996e-05,0.03659209596337424,390.18532164000004,142813.51747296416,288350.5651523551,110600.0,9.963583377814865,40421347.59186879,110600.0,40421347.59186879,77.96051054866668,75.80581710217197,1.0,365.92095963374237,-12.629624410724837,1.1345867596794161,13559039.78530502,19743650.0,12537928.56956271,2508745.0,6900654.0,5923629.32599175,2200443883.3859925,2.905402314888015,1073.2103905822519,0.033647681,12.332905599380222,19388785.248236418,7179891328.255476,0.03021032916977975,0.03552772999557562,0.03598420541872977,332367.0,1.0
2014-12-31,225958.1935483871,4498.0,1560771998.0,350474.9647950631,1.0457444,4655670428.004326,4450032192.659098,39810956034.37531,0.0001528872773140756,0.052107995911153226,9.999999999999995e-05,0.03419829018715335,410.84765339999996,140331.8678796375,287113.1740932037,112450.0,9.723189408123128,38388567.212202996,112450.0,38388567.212202996,70.69726062387097,66.363773396574,1.0,341.9829018715334,-55.6080389372753,-5.985529314161509,13671489.78525033,19757706.25,12577279.08294749,2697417.0,7486965.0,6619096.582341481,2276535933.980171,3.257392617254593,1116.0035342610222,0.03606914532258063,12.331635522573585,24027524.83553928,8246696933.790695,0.029495335796397834,0.028434702946051958,0.032564394017310934,336865.0,1.0
2015-01-31,236083.25806451612,4531.0,1624823922.0,363821.172476159,0.7985982374193549,3428825820.426765,4289048234.4323525,42318913453.69529,0.00015563282795752362,0.03904113312794441,9.999999999999995e-05,0.02497613809882919,450.13603205999993,112401.20593884024,306755.3266843782,113275.0,9.71399885884999,28407248.686645236,113275.0,28407248.686645236,53.132130751935485,48.3111495239343,1.0,249.76138098829205,-69.44029628555941,-26.644742132303076,13784764.78463701,19771865.625,12614547.09428285,2888591.0,7966170.0,9024095.481388599,2208445672.557658,4.357361251122002,1069.6434640087214,0.02737140612903226,6.637893065818888,34681199.49511354,8459206581.885094,0.03770968853215451,0.05916528209636181,0.04745309835305856,341396.0,1.0
2015-02-28,249618.35714285713,4219.0,1576780761.0,377011.68516555644,0.7753553310714285,3250337068.597268,4192278472.5537643,43959141987.76043,0.00014504947919224381,0.03409226542158324,9.999999999999996e-05,0.023483936629581696,385.6912091500001,90758.97799496038,328990.3438914015,105475.0,9.935030660979256,24771127.62171975,105475.0,24771127.62171975,68.76942396928573,46.89080738570995,1.0,234.839366295817,-63.719714669191646,-3.6173407129728288,13890239.77349039,19785050.0,12645602.71921119,2658060.0,7904609.0,5887371.91492744,1379941203.4646614,2.8569780684940236,668.5643853813343,0.018311685,4.249571666476803,21326678.25083907,5002671233.073895,0.04456931173216615,0.06037377068097495,0.062253020444444064,345615.0,1.0
2015-03-31,251993.87096774194,4551.0,1761284178.0,389165.66221703315,0.8986956438709677,3761987261.7314243,4185847815.7781606,47034039649.883865,0.0001483539646896877,0.04000508233938367,9.999999999999995e-05,0.026973393127014952,451.79613664,121840.67504973404,343169.64160971413,113775.0,9.603691842887828,30629444.643994737,113775.0,30629444.643994737,65.23639976258065,60.02257296577949,1.0,269.7339312701496,-54.274434722054494,15.319983849690583,14004014.77136098,19799271.875,12674624.00769964,3045170.0,8215627.0,7085808.519372559,1920812237.4746668,3.397075361015103,917.7094205633997,0.01900970564516129,5.169531043754799,27760756.512426957,7501971503.817067,0.04531266718055391,0.034544987029723716,0.04966948166560597,350166.0,1.0
2015-04-30,254643.16666666666,4254.0,1721923569.0,407539.68344203645,0.79919569,3313674133.980258,4145592691.095355,48376015424.630295,0.00017809862187266834,0.04174716609576477,9.999999999999996e-05,0.023571408681083192,563.2187777699997,132041.53589352948,340822.51804402354,106350.0,9.20359488657545,25074406.25105202,106350.0,25074406.25105202,72.43224014133332,57.85315067000641,1.0,235.71408681083193,-48.77713902328505,-12.469488205720259,14110364.77089602,19812565.625,12681913.58665475,3190722.0,8239930.0,6151718.429297981,1445741068.5076241,3.1458908745424026,735.4007893096951,0.02169066766666667,5.1128085193166,25656622.74164083,5997818807.841364,0.04426412386057586,0.027389252594977445,0.03130072014567149,354420.0,1.0
2015-05-31,260316.96774193548,4465.0,1754237731.0,394938.63496791583,0.8140522738709677,3358269441.1173263,4125349060.531263,48176142502.4401,0.0001552320391660384,0.03674048690083831,9.999999999999995e-05,0.0237027386906639,495.1194037300001,117167.41078674709,344860.28452264896,111625.0,9.276553141193947,26452875.491241332,111625.0,26452875.491241332,76.97268503870968,64.104393911923,1.0,237.027386906639,-50.740444206098296,0.8471146920138187,14221989.76889602,19826518.75,12756755.5945621,3204095.0,8745260.0,5977214.93177317,1416535709.6837158,3.2177905670481137,762.4877510143538,0.022288391935483872,5.26958775138399,27724163.589933064,6569803769.674354,0.04259802225724086,0.02028137431671827,0.024008455763738532,358885.0,1.0
2015-06-30,286028.8333333333,4382.0,1994295835.0,457867.69190077606,0.8282781013333333,3398846855.222676,4103348117.89632,48738170407.95787,0.0001612050842710128,0.03849243295153912,9.999999999999996e-05,0.023800884160270805,568.35488739,135960.1276577045,353738.35157072294,109550.0,9.334700165614189,26047501.303142935,109550.0,26047501.303142935,62.556152142333325,68.28758980700478,1.0,238.00884160270803,-61.161701383010964,0.410142871655667,14331539.76733049,19840212.5,12831822.60206866,3507424.0,10178894.0,7287406.586601791,1742155421.5841827,3.2839537088215707,781.2764343066837,0.023966845499999997,5.630409123704073,32777813.191538434,7840532036.273381,0.0413931093524525,0.01422580513059419,0.017495310134345188,363267.0,1.0
2015-07-31,295134.93548387097,4583.0,2724122736.0,598414.0925077851,0.9754555064516128,4029768435.395246,4130777020.9253893,50743107343.46878,0.00022209605012831293,0.0623884007663842,0.00011122322580645156,0.031047147428661985,954.1495891,267934.58648093825,372804.1924214881,114575.0,9.374364183748998,32064310.19994051,114575.0,32064310.19994051,59.787426769677424,73.00921019108115,1.0,280.0017952739014,-54.60828968634543,17.474857887123125,14446114.76648561,19854534.375,12787166.72664366,4307403.0,18707490.0,7886900.9316027295,2203156061.426934,2.431485846954952,675.6505406642209,0.0166733014516129,4.5664848316551225,32405956.460329253,9060456720.102343,0.032926094469946925,0.0232314077922818,0.019452888521479535,367850.0,1.0
2015-08-31,286533.96774193546,4595.0,2128812866.0,466587.00347649015,0.8851602377419358,3646475570.77245,4117439931.6105676,53101356288.901726,0.00021799594464741968,0.05507326750111346,0.00010413096774193542,0.02630392348515937,780.7054951099999,197615.3426239636,391332.19183871296,114875.0,9.324569853151742,28844745.885509294,114875.0,28844745.885509294,39.46304038387097,54.26569587940331,1.0,251.44234469921528,-53.115954652726366,-10.091879149778793,14560989.75252711,19868893.75,12819099.37735601,3566158.0,14206033.0,13353566.320885692,3289839734.796402,3.5477688403005385,865.4968856378331,0.023230313709677416,5.584036068480471,36348190.272071116,9000639781.169182,0.02575639961911613,0.02937721872370662,0.02705322911578095,372445.0,1.0
2015-09-30,310574.36666666664,4469.0,2483429090.0,555373.7173251449,0.8410574760000001,3421864210.827687,4068512498.80766,57701579561.72908,0.00020347843105496285,0.0476326645800255,0.00010143599999999996,0.02372977729559666,827.2692134299999,193591.81238575187,427120.2030947792,111725.0,9.298537751537161,26154507.652926415,111725.0,26154507.652926415,45.47668564933334,41.18956549251423,1.0,234.07230811583867,-46.8741115380276,-5.737864606692816,14672711.16139126,19882859.375,12871572.23289728,4142822.0,11880235.0,10002743.570299102,2342366848.001282,3.112999653165528,729.3571317649893,0.019767574833333336,4.6331336199956565,32256292.35947789,7549030554.908823,0.0252438212322118,0.02933526108832073,0.031007494013596038,376914.0,1.0
2015-10-31,335211.6129032258,4560.0,2478040004.0,546110.3738235651,0.9579465887096774,3917627249.436684,4087728154.2568865,60953575124.694626,0.0001938685154575353,0.05161164353160571,9.999999999999995e-05,0.026589329435235006,826.75158093,221530.69472119224,445767.41392589133,114000.0,9.111491561777175,30372222.34692538,114000.0,30372222.34692538,37.015273174516146,43.558860538660774,1.0,265.89329435235004,-26.391780846974225,13.542449002803705,14786711.13544078,19897109.375,12918568.05794376,4264027.0,10424063.0,12970099.566970877,3500532330.729677,4.259536692015537,1139.490594899752,0.028247059354838712,7.44432942338768,44350698.5158938,11956693805.400726,0.02350090790620204,0.013921737377769623,0.023204403470568506,381474.0,1.0
2015-11-30,393149.4,4649.0,2636479758.0,569581.5029251903,1.2137702733333329,5178954553.104249,4267139952.346585,66188184300.79554,0.00017504992968735082,0.06127833262232793,9.999999999999996e-05,0.03488589159539841,836.8418490099998,294286.9110985611,510102.7515307611,116225.0,9.524482514355032,40476003.56167457,116225.0,40476003.56167457,33.313462515,44.75691567941111,1.0,348.858915953984,-3.9947892052202887,32.000353056682734,14902936.13483719,19911637.5,12988285.29992566,4760327.0,11918593.0,15018249.406383058,5325901535.0112915,6.068291954585738,2156.1387525463483,0.02821623566666666,9.86298417115592,73753249.08308724,26369621436.133076,0.028510646926123595,0.0432194382552098,0.03226115224440176,386123.0,1.0
2015-12-31,449938.2580645161,5063.0,3156676887.0,627944.0330615318,1.4302387951612903,6353412555.4281845,4439142650.410718,84168818359.63008,0.00017396191625636522,0.07386466249312577,9.999999999999995e-05,0.04244016722407195,1060.5988116600004,452450.5489656358,682195.1723172953,126575.0,9.956565295562584,53738146.368594386,126575.0,53738146.368594386,36.25068722096775,44.77309844839151,1.0,424.4016722407195,25.113394205902587,22.622213392539226,15029511.13374743,19927459.375,13044901.18359781,6088118.0,14364479.0,13276013.689099709,5637879104.902313,6.990829329232905,2985.5256986615295,0.04283695516129033,18.38368042959427,102368255.63049608,43858562919.87997,0.031638785066320986,0.0357787796486921,0.04029560390363441,391186.0,1.0
2016-01-31,464577.03225806454,4867.0,3224751349.0,667807.8154213713,1.355574505161291,6202241998.179491,4575787772.357595,110783159403.94444,0.00019229981845019555,0.07877742199187905,9.999999999999995e-05,0.04110388730484721,1150.69943754,469363.99849763967,865140.8138098037,121675.0,9.492453505262132,49988731.679772824,121675.0,49988731.679772824,40.929153117419375,37.208965114093566,1.0,411.03887304847194,66.97773435414972,-2.984632780068593,15151186.13329493,19942668.75,13139658.97525792,5939057.0,14661917.0,12870833.94305212,5216505058.634659,13.784450801102588,5463.5097868199755,0.015990262741935483,6.525620768225408,218239039.0181639,86426964320.69429,0.03365262216081717,0.03634995486318555,0.036257506219021914,396053.0,1.0
2016-02-29,512159.7586206897,4552.0,3336075632.0,742479.9226502936,1.3298158141379308,6137474291.548323,4613328563.968299,146033571546.54068,0.00020028986832899677,0.08074993511010646,9.999999999999996e-05,0.040337749100344614,1267.5992320600003,511289.5165848444,1126942.7258866942,113800.0,9.41689174710296,45615341.48168196,113800.0,45615341.48168196,26.577130984482768,33.71744581310142,1.0,403.37749100344627,71.13026248340006,-1.217668826047396,15264986.13247483,19956893.75,13134415.29351101,6328120.0,15386450.0,17037920.11268523,6845658920.924754,6.673147196069482,2730.8795036160145,0.03869035293103448,15.877092399307552,103207864.05442989,42247575057.746216,0.03406279995608873,0.03404907604840024,0.03599878118252744,400605.0,1.0
2016-03-31,466616.67741935485,4578.0,3275136733.0,716368.8506264488,1.3447124525806449,6357401421.259015,4727708333.414661,162170650948.173,0.00022812488005671564,0.09463516637035477,0.00010232419354838704,0.04242264128168313,1401.38733425,581808.265781359,1190213.2105721538,114450.0,8.793767269786972,47484377.498133406,114450.0,47484377.498133406,31.358374290322587,31.306656655473333,1.0,414.85742156162223,54.69670681690227,3.332960917130089,15379436.11101189,19971200.0,13227807.96737667,6089717.0,14541654.0,16035854.04886823,6653468534.463428,7.524880433514546,3112.613939649245,0.03461507080645162,14.390154261374851,114798855.86005723,47501132025.06625,0.03269986949638595,0.01738380725989922,0.026954872354108674,405183.0,1.0
2016-04-30,468173.1666666667,4459.0,3315845880.0,747723.7302448073,1.3889832533333333,6721924976.415775,4838376106.27197,173414818569.20328,0.00024475690728908224,0.10769498498002265,9.999999999999996e-05,0.043538804445158785,1613.3192691700003,711788.6390863424,1279963.9240958835,111475.0,8.785911982236339,48480733.092488326,111475.0,48480733.092488326,36.351149168,31.6716305788656,1.0,435.388044451588,85.73622330685234,5.100257922126167,15490911.10764657,19985134.375,13293523.45220595,6425548.0,15001690.0,13496518.44844772,5896215694.032443,3.9266317023525223,1713.39040427012,0.023921229166666672,10.393957584194423,58791304.241209485,25687868667.19542,0.032359955192335664,0.009863607159073785,0.014137943697497409,409642.0,1.0
2016-05-31,474928.5483870968,4620.0,3556657422.0,777612.686028318,1.4449864867741933,7200224641.797466,4981084667.150663,190286018671.37546,0.00022935147301801439,0.1064977443028514,0.00010725967741935483,0.04980470945978185,1550.6938742300001,718573.3494176395,1406557.1094069176,115500.0,8.745197544592182,53378710.9259658,115500.0,53378710.9259658,34.03988942258064,34.21268334550582,1.0,462.95386456137715,95.7436634242979,6.245859462218569,15606411.10541596,19999571.875,13271316.33949098,6781117.0,15695816.0,14687715.486503951,6823882036.042465,4.076387882192895,1896.0949728180537,0.020150666612903226,9.324340505045965,63873416.86682355,29672493035.32861,0.02736203303312183,0.017088092796007547,0.013985365766081101,414262.0,1.0
2016-06-30,522427.2,4465.0,3664390432.0,824971.2119270547,1.8611059259999998,10074841616.169546,5405728106.838002,201202218684.20618,0.00027145779889740555,0.17609989119968372,0.00013638066666666663,0.08889918171273144,1871.3828992417311,1218543.2918993197,1487554.7464523525,111625.0,8.670208122160904,71998911.64949957,111625.0,71998911.64949957,33.77594156333333,45.21283828959875,1.0,643.1096876436781,168.64735122839372,39.290941653505456,15718036.10474153,20013525.0,13244289.58149538,6865408.0,16038358.0,14735819.39795206,9529795977.679495,3.3687620603771737,2172.4116119868836,0.020346835333333334,13.037397590726977,54305976.34074831,35163241677.04032,0.027876357112717107,0.03584969017610894,0.0284360522978978,418727.0,1.0
2016-07-31,467523.1612903226,4365.0,3429848601.0,790399.0123024951,1.8224543832258064,10443331603.38977,5731226037.089479,212936825943.71405,0.000279128835998575,0.1847631420878998,0.0001429096774193548,0.09454278015590098,1817.163816242647,1202812.794381758,1490157.5576265394,70462.5,5.266030172020503,46825575.850756146,70462.5,46825575.850756146,43.010992238387104,40.496323592718234,1.0,662.6238428197054,136.58114683244705,3.9427868343522303,15788498.60473531,20027165.625,13217179.08992322,6500894.0,14376046.0,11807867.021586383,7824624266.734443,3.174872643363813,2104.666296976511,0.01941982370967742,12.870423067520198,45647513.32233111,30263841051.881134,0.028604488156490037,0.039637341599959415,0.03929387517583931,423092.0,2.0
2016-08-31,496705.0,4649.0,3615316383.0,782453.2556650393,1.5832050980645163,9161437864.046858,5786639133.43713,210859778093.7398,0.00030466443067522867,0.1764635418446778,0.0001782361290322581,0.10319656002264935,2129.14755851199,1232832.8987880666,1570704.613195375,58112.5,4.325496550297202,33656860.08261251,58112.5,33656860.08261251,44.431495938064515,34.423173623713616,1.0,579.1488073113251,133.8665520191478,-12.242166624508107,15846611.10429039,20041693.75,13197951.85386071,6982797.0,15168604.0,11681031.9696575,6753010466.614539,2.9609747624173606,1710.2768013311002,0.02553942725806452,14.759293544649452,45109114.70536197,26050992687.330257,0.02856547129254829,0.03287826460418072,0.0361498779700061,427741.0,2.0
2016-09-30,501396.0,4547.0,3404974399.0,754429.4724973486,1.6361594583333334,9625166626.83559,5882843648.399958,226811362236.6366,0.0002712229450535812,0.1644516089706137,0.00016062433333333332,0.09734260586175561,1803.9021302119702,1093543.220098352,1709569.2162901016,56837.5,4.355784319494697,34459396.72289597,56837.5,34459396.72289597,47.61572674733334,39.60949917215823,1.0,606.2804273309956,158.67631250316558,4.868918273475472,15903448.60392773,20055903.125,13242253.78737792,6650310.0,14705598.0,10429428.733428027,6317613569.563185,2.5820459794752133,1564.560318485414,0.027027552833333336,16.362652787577495,38146020.52493152,23115222700.15941,0.02826318535082751,0.01230033213496937,0.02503346705873721,432288.0,2.0
2016-10-31,558586.6774193548,4544.0,3760125519.0,831149.6395759105,1.7012686435483872,10239965937.080982,6017048422.670274,252915255651.33356,0.0003132106960306162,0.20198178495046273,0.0001772783870967742,0.11427542755558714,2301.4028331919308,1484123.5169284989,1840990.4808145752,56800.0,4.197479887203122,36509924.43861813,56800.0,36509924.43861813,45.98720807387098,46.451991210974704,1.0,642.6681858703643,140.3451942738316,5.9843794550545875,15960248.60326279,20070103.125,13273846.93458648,7371558.0,16608891.0,11340916.965543194,7302927882.713682,3.5332557714407273,2269.530912707347,0.02669030693548387,17.20649975872447,58521172.04741829,37580213734.609436,0.02827577188547612,0.010435731678552015,0.011380126801227042,436832.0,2.0
2016-11-30,614381.1666666666,4513.0,3898953472.0,866830.705268225,1.8498914523333334,11598155507.782345,6269427858.388616,265962634378.4479,0.0003250419595290614,0.23602348469623327,0.00017895833333333324,0.1299271354938533,2644.2577915921006,1921838.7608504067,1986691.5743234882,56412.5,4.292548165231434,40902536.600793764,56412.5,40902536.600793764,42.34525228566666,50.12208663625167,1.0,725.3583771468927,108.52157504878615,12.883541262693432,16016661.10234862,20084206.25,13314533.20925808,8085198.0,18135960.0,11819705.99467296,8584377426.420591,3.578702124836825,2571.074922471636,0.025334868833333333,18.351592483712203,63035463.77177676,45323498424.51267,0.028556374718543862,0.021265224099461646,0.016734952052685628,441345.0,2.0
2016-12-31,637913.7741935484,4692.0,4099426212.0,877365.4166713677,1.9932558954838708,13245747107.438038,6635576886.770621,300186997915.06024,0.0003514000687635966,0.2893695837641147,0.00019849967741935475,0.1636532327799951,3005.844164772769,2476543.7930523246,2256836.7495746114,58650.0,4.303357636598382,48436132.23303235,58650.0,48436132.23303235,42.41858600741936,50.577346695012565,1.0,825.3648875007264,94.04701410292056,13.575616908031707,16075311.10057381,20098868.75,13362390.34763332,8554242.0,18797482.0,12271967.046783172,10192116733.572311,2.1470638862220808,1775.0506460735774,0.027751979838709678,22.73911805052813,40614856.85737586,33583485392.205467,0.0240048541775266,0.014601760371065822,0.01828053314775224,446037.0,2.0
2017-01-31,645091.0322580645,4912.0,4250025185.0,871524.2485416527,2.038101717419355,14701926130.644934,7216601687.955427,347191698042.21075,0.00040669448012750506,0.37329118938895833,0.00022442419354838715,0.20479706429037842,3504.900669812672,3222452.7080091294,2731251.759486377,61400.0,4.4883342150150085,55977192.34385082,61400.0,55977192.34385082,42.814178472580636,46.91567121456006,1.0,912.7903549819953,124.13312119156024,10.494061978337488,16136711.09882471,20114218.75,13415455.36122599,8621724.0,19045280.0,12419347.23736463,11347454344.124945,2.129039889839574,1926.1993465380676,0.021546214677419358,19.503414383179198,40765211.42887742,37013217349.9689,0.025823273788711656,0.04489422626311735,0.0334685614713881,450949.0,2.0
2017-02-28,674473.3214285715,4255.0,4038531295.0,949372.54038889,2.2479425521428573,17241157328.589012,7663411460.171226,425107170527.6146,0.0005448469703535065,0.5856867358170935,0.0003308682142857143,0.3560372312484959,4504.10601287204,4848703.24569072,3209306.217547872,53187.5,4.2893244660456284,56728139.12643808,53187.5,56728139.12643808,45.271603562500005,49.752075187927964,1.0,1066.5622490325202,163.8726311190976,18.14032780852628,16189898.59866475,20127515.625,13461760.07653684,8270747.0,17812281.0,10469621.61169915,11161713327.658731,1.7635516495417094,1878.7236017057414,0.021999286964285717,23.470190251470076,31538544.144582823,33596687404.31441,0.025688034379372945,0.029301232429150743,0.039164395159202156,455204.0,2.0
2017-03-31,684799.4193548387,4632.0,4425646435.0,957356.7988067528,2.200147308064517,18312067722.532845,8335442556.964032,467091069713.63934,0.0008007809819965734,0.9047194380634755,0.0004785699999999999,0.5408805576100761,7096.509222689259,8048215.934988904,3469334.959817452,57900.0,4.203054709272287,65253396.02836576,57900.0,65253396.02836576,36.21426388580645,46.05348839936848,1.0,1129.0964455685232,172.2914243835233,7.262427165951891,16247798.59840576,20141990.625,13493371.69198178,8859853.0,20072200.0,14396185.772013258,16097172337.209955,2.4285103162727166,2702.509400282529,0.023424128709677423,26.3315000317782,48912303.62530798,54501337582.50367,0.029705721712972314,0.03766763474277314,0.0356409661791658,459836.0,2.0
2017-04-30,691790.7,4438.0,4250340374.0,958919.5062424005,2.240716493,19859976923.193974,8856950329.610987,512419642217.3577,0.0007645440153359873,0.933160375001385,0.0004211573333333333,0.515461676675854,6371.800689091079,7801747.745933307,3766978.1539055468,55475.0,4.146762573637798,67729964.72136432,55475.0,67729964.72136432,40.590386069666664,44.49635492295877,1.0,1220.0993697925194,180.14450308618783,9.86689652127746,16303273.59567704,20155859.375,13525213.77561052,8343058.0,20104720.0,12414110.92857455,15143058390.916204,2.0679182559851643,2527.6788633002757,0.025779764833333333,31.758900292717303,41529357.64923781,50820798511.33003,0.033726038143586615,0.037500852813968893,0.03974008285327515,464274.0,2.0
2017-05-31,795171.7741935484,4852.0,4722057173.0,973215.3126803602,2.9284282103225814,30839667619.030575,10475529534.762865,558915986329.6346,0.0011642387177157939,2.2646308288270145,0.0006701390322580645,1.305002029017219,11678.16478941655,22805270.692459423,4351824.018270099,60650.0,4.371740832154978,114776261.2363599,60650.0,114776261.2363599,32.186086878387094,54.46837374927311,1.0,1887.7503848701945,307.8160169293354,53.21268494803036,16363923.59443441,20171021.875,13553209.45301314,10060340.0,23172523.0,16186001.440482866,30823859619.336792,2.4085364481398255,4578.037437985561,0.0370399120967742,69.44150383923044,55500071.89584142,106042699030.75656,0.035011301073672486,0.02882527422156687,0.03497011411809394,469126.0,2.0
2017-06-30,732120.0,4471.0,4348237505.0,972289.2520543032,3.149657486333333,42888645851.44127,13675457046.165447,683222153547.989,0.0015410155252824473,4.036848940345348,0.0009191589999999999,2.4078884161890484,12528.409028328455,32830403.627151478,5047275.987147111,55887.5,4.14794875093907,146223227.89120877,55887.5,146223227.89120877,29.95106642533333,51.328604092315025,1.0,2616.2030409770114,311.7075530470524,40.651940928317075,16419811.09372154,20184993.75,13617220.67682366,8064094.0,19494811.0,16787781.380201347,43779744752.844376,3.21611368801658,8386.165125618903,0.02460374333333333,64.3918398524966,62502069.47412617,163050293485.7593,0.04018380813008499,0.050354811949824295,0.04139883380703978,473597.0,2.0
2017-07-31,670758.5483870967,4886.0,4314411968.0,886421.164301642,2.646694518064516,41282227910.363594,15590608430.301191,771423794777.1697,0.000896615388757018,2.23241013861296,0.0005193677419354838,1.2967360126010874,6435.488338199822,16015783.61832112,6031216.862259894,61075.0,4.371130769195556,153328800.89950758,61075.0,153328800.89950758,33.76141439387097,37.0896011409368,1.0,2509.2012641965653,279.065292174388,-3.567132328196742,16480886.0935797,20200262.5,13649642.19509906,7175817.0,17717069.0,15699804.987891471,39653556181.8521,3.9769550476239823,10171.542848113211,0.020537517580645162,51.67760227345401,69128113.38632396,176246685277.84976,0.04131431298722752,0.05106070016811928,0.051058953881355576,478483.0,2.0
2017-08-31,685788.7741935484,4406.0,4170930996.0,947871.3029125166,2.8913117067741925,63978165429.63985,22023816427.850838,896919584118.5563,0.0010837253232617796,4.422939026196434,0.0006379935483870968,2.619822830201537,8463.266176668469,34751072.68500022,6329180.437551021,55075.0,3.927864717314444,212185617.77608094,55075.0,212185617.77608094,28.377960188387096,42.4025908016199,1.0,3874.5927915122265,569.541677533355,55.25302245645622,16535961.09271528,20214031.25,13699411.73622947,7766907.0,19239016.0,19021075.25442199,72111078230.05887,2.9027597685014705,10996.284331770345,0.018425253709677424,71.98820139489595,54671243.082472496,210541060667.0315,0.04597213827455871,0.054691502698112786,0.05475034175062994,482889.0,2.0
2017-09-30,696640.3333333334,4855.0,3932538112.0,814831.0363737841,2.5047868606666666,67965438666.61308,27172539625.61954,993177428877.7787,0.0007096410491773179,2.986235382324032,0.00041486,1.7509193988446337,5251.18738282944,22135284.48426826,7934257.1636955505,60687.5,4.456755017499992,249335802.98530105,60687.5,249335802.98530105,39.45547460433333,38.358673968506224,1.0,4102.38056441652,577.0361375081192,8.504143969056946,16596648.59260453,20229203.125,13745686.56201078,7337062.0,18106546.0,13161571.55120166,54107934649.640884,3.06331929024572,12553.762353598026,0.01978397516666667,81.08544493018003,56226710.66208811,230823253807.83948,0.046873082604681295,0.046612073056851444,0.052250515669043734,487744.0,2.0
2017-10-31,798356.2580645161,4818.0,4605290147.0,960722.5234379974,2.826096052580645,88943036370.9687,31366320982.918365,1205546327990.5002,0.0006077180903464631,3.2874150151162773,0.00036908903225806445,2.0072221832318653,5464.05726516982,29750647.835280515,9262138.966293411,60225.0,4.2645657357139495,322621981.9420661,60225.0,322621981.9420661,47.08259063838709,46.14690971032221,1.0,5348.37761608944,730.258261598711,32.22009790169883,16656873.58692201,20244259.375,13813975.51129792,8987682.0,21465129.0,11295377.26940831,60551299640.03231,2.239342881819579,12027.214575727314,0.014028932096774197,74.38298373805202,48211753.79493831,260672375961.3138,0.04823966729374724,0.044354095354674404,0.04713692563256837,492562.0,2.0
2017-11-30,901437.3333333334,4374.0,4566350844.0,1044183.3275565954,3.1181011623333332,129832859156.15816,41554840012.19404,1389203967624.6526,0.0011220987493323871,8.308534009120173,0.000662627,4.838027850495482,9959.53185313765,75200420.76275662,10058917.679225843,54675.0,3.9868584197124854,431798359.608365,54675.0,431798359.608365,37.460220523333334,59.04848299973794,1.0,7781.03213700565,971.3388559535863,45.536028070733565,16711548.5862061,20257928.125,13935324.88459299,9341003.0,23751899.0,13965999.60629665,108669700011.19986,2.9542579748907216,22731.78875423695,0.014136850166666668,108.50163764428498,69792811.8810323,544874704453.6744,0.049498108641461605,0.043115413864752226,0.04412922385386049,496936.0,2.0
2017-12-31,1085640.8064516129,5029.0,5302966437.0,1054553.0644509199,3.6341220493548385,254437410577.7261,70897342757.96059,1668564684941.1472,0.001795917272111454,27.63970738296519,0.0010864954838709679,16.76594110740378,19126.071380955702,296362691.78175706,13336655.022771234,62862.5,4.420424819014972,954539462.6440023,62862.5,954539462.6440023,40.05342799451613,77.79129076841407,1.0,15194.104975189013,1757.9848253618761,97.64277839684432,16774398.58618491,20273643.75,13984658.33994075,11182855.0,29057885.0,13527014.26266717,207863426959.2241,1.9962579616457041,30502.504260060647,0.018399814677419357,282.4655615509332,58313970.69538443,895712595695.1816,0.05200584532644819,0.0620211660494378,0.05360243010907078,501965.0,2.0
2018-01-31,1000830.0322580645,5055.0,5331077805.0,1054057.52522281,2.4265834332258063,216631055070.9385,89461983623.45682,2190593538883.7927,0.0016247379685568688,21.62450642947567,0.0008761670967741937,11.696800277668048,15043.69555262758,204248786.2959441,17694162.840874474,63187.5,4.42661922064197,814731328.9243056,63187.5,814731328.9243056,45.59437453258064,45.279121982059664,1.0,12891.060519588615,1317.8792324650765,-13.534038588131768,16837586.0859825,20289440.625,14032423.56421479,8869570.0,24427182.0,11927596.330267094,156139887934.1785,1.5294909686935225,19778.11922206846,0.023243888548387104,305.6894242289428,37752770.04492723,502348806651.572,0.05510998067212695,0.06885832786016628,0.06738883443822195,507020.0,2.0
2018-02-28,779834.8214285715,4369.0,4407651571.0,1010005.4971065687,1.7823780582142859,158497417610.4041,88866883943.4309,2858344291622.089,0.0004504274129920392,4.064940662352327,0.0001947014285714286,1.7157743079601568,2487.0754521496365,22322491.937162112,22126331.383773636,54612.5,4.221029360825337,511950949.5397499,54612.5,511950949.5397499,46.26555305321428,30.233411953182262,1.0,9396.599650507222,780.971586458471,-25.51395441496174,16892198.58589749,20303093.75,14099932.89106438,5345436.0,14245871.0,11045718.968621688,102678819130.1215,1.9600140614559804,18346.84275403339,0.015539418928571427,143.12231462482075,27801376.743511107,259100302385.8992,0.058770033629368966,0.07217378222964664,0.07045743016835852,511389.0,2.0
2018-03-31,679097.7741935484,4655.0,3830343979.0,819144.9486359115,1.6798104858064515,152151968156.1031,90488667051.9085,3327752751469.5576,0.00017797620996081126,1.6297426176688834,3.156032258064516e-05,0.2977032423283897,1016.241945129991,9355612.711544907,24798584.08815783,58187.5,4.048587664289491,525463734.15113974,58187.5,525463734.15113974,69.5770605351613,34.426055311849005,1.0,8992.046454912237,696.7617567882921,-3.0734646007102633,16950386.08586535,20317640.625,14099643.44835263,5690766.0,14927194.0,7830112.657517118,70565908356.20706,1.310564151673773,11726.88561451674,0.0116727864516129,104.017080443968,19619116.81653295,177024846453.01242,0.059592496695926415,0.054523662243800605,0.06405683374842953,516044.0,2.0
2018-04-30,590225.4,4610.0,3356722300.0,736326.5061843047,1.5337450533333332,136166592791.93373,88731786423.5302,3717488454215.221,0.00016899555389275096,1.384830199845922,3.9818666666666665e-05,0.3389999565760265,992.8084266200123,8230595.879886436,28359005.9228431,57625.0,4.128963419806783,460703501.74990875,57625.0,460703501.74990875,71.37555531533333,46.57051023124797,1.0,8018.054271692968,555.8847511040117,-7.377128188294849,17008011.08582395,20332046.875,14010231.75332797,5751589.0,15071203.0,7530276.71546991,60731179049.08878,1.4853325767724879,11882.679250697573,0.011648876833333334,92.7252809173277,22462343.20192565,181737166633.3456,0.05983916894444351,0.046138562523810024,0.05049472351278732,520654.0,2.0
2018-05-31,605443.6129032258,4717.0,3443709589.0,738346.2177542659,1.5819050377419355,143501486930.99918,90738271989.72304,4143985283551.798,0.00016415084322447173,1.3891520679627634,3.672225806451613e-05,0.31291539780224253,1009.0519825800116,8562240.506900903,31370271.845444616,58962.5,4.074528852898494,495199374.27500385,58962.5,495199374.27500385,72.99321524741934,59.93988204904086,1.0,8423.247831234328,362.80294267034674,7.3188442077052605,17066973.58565935,20345268.75,14026259.379311802,6130989.0,15993945.0,7798999.5677749,65797215579.44354,1.3374407985840708,11170.939270253055,0.011039615322580645,92.83532653758182,21454313.37886028,179864108563.61124,0.05891234016704235,0.03647683993357625,0.042095363735994686,525371.0,2.0
2018-06-30,582270.6,4600.0,3685592180.0,807193.3291950547,1.2891474996666665,115725939003.36324,89714942956.04546,4892403700103.272,0.00018022075433847252,1.199845315795745,4.2156333333333335e-05,0.28002657193059943,1042.80396971,6949182.506261095,37218404.95247715,57500.0,4.091927886048935,389735833.89041495,57500.0,389735833.89041495,82.20089329333334,58.39522429951929,1.0,6769.3244134619135,159.25632966886434,-19.29515709563841,17124467.33401689,20352456.25,14057972.33190403,5747745.0,14788379.0,6532364.464735179,44177003827.371315,1.3209980407662718,9011.885840084602,0.0108638155,73.3422218888643,19758617.66701373,135034777668.0319,0.053545823377344724,0.03206280216723696,0.03463076241308768,529971.0,2.0
2018-07-31,641404.9032258064,4646.0,3973596814.0,864974.319669125,1.3888615990322577,122121961207.75645,87907021944.42738,5323501712756.019,0.00010395077039285302,0.7405342377040568,1.7866129032258065e-05,0.12722580283996768,669.39534089,4800661.664147689,39608747.968638405,58075.0,3.9860609309851163,415997592.3053186,58075.0,415997592.3053186,86.51909840548387,68.29012464471127,1.0,7118.681239927603,184.86960226344453,6.73586394578404,17182542.33315121,20359715.625,14078070.29766721,6391313.0,16053509.0,6464897.172867391,46032061255.08553,1.1139291959386388,7877.315009369165,0.010107503870967743,71.54378251848273,17903252.18687118,127414507008.54869,0.047848478498556404,0.034527511658443186,0.03366057049571847,534617.0,2.0
2018-08-31,611519.7419354839,4803.0,3747210996.0,786069.7428036706,1.3076170522580643,114946899729.2832,87892408763.00804,6322069141046.471,0.00010298636783253694,0.6892972886226807,1.7889999999999996e-05,0.11974082190294254,694.4527524400002,4651712.62187061,48676974.833614595,60037.5,4.106616360940002,400856369.9127228,60037.5,400856369.9127228,83.16939754741938,74.43975895261505,1.0,6677.730917346958,77.88148793600126,-5.854548207779979,17242579.83077441,20367220.3125,14109380.79426127,6725607.0,16836631.0,6895867.565392171,45967417221.83381,1.112329112029616,7430.404037784024,0.009647613387096774,64.35328779829662,18958319.944121808,126700446069.88066,0.03998881378015388,0.03432566347537842,0.03449575861704003,539420.0,2.0
2018-09-30,601797.8333333334,4419.0,3593764405.0,818599.2633337129,1.2974036419999997,113816250211.81949,87721354345.56216,7004550687498.228,8.977207274584412e-05,0.5922097678816378,2.1743666666666666e-05,0.1432766091230982,618.41010891,4077880.442909032,51316996.61464989,55237.5,3.891216531758557,363707652.4163977,55237.5,363707652.4163977,92.68768616500003,78.61785636866087,1.0,6590.200040190923,61.80591704815935,-0.7472757629990069,17297817.32996749,20374125.0,14129077.21249795,6863878.0,16421226.0,6008144.20784396,39571857172.7996,1.0682064750812714,7056.98560663362,0.009961678000000002,65.63608998063712,17633487.72910851,116428366567.9013,0.035441927754167886,0.026576173649160324,0.030568431392393586,543839.0,2.0
2018-10-31,646632.7096774194,4379.0,4137641529.0,947461.9167118727,1.281182042580645,111146650976.52727,86751295830.21536,7307787800734.33,7.190850396878541e-05,0.46172994043996723,2.0666451612903227e-05,0.13281996582360187,545.30315602,3501040.1627468606,51294250.02607216,54737.5,3.7197717549121694,351091335.7295916,54737.5,351091335.7295916,86.94227464741934,78.42792495531349,1.0,6415.11423166984,22.23962592584434,-2.465903535702472,17352554.82940999,20380967.1875,14107024.07756375,7576746.0,17764872.0,6687040.40986264,42857786145.216736,1.0155459904163708,6510.418773910052,0.009466765967741937,60.69664752661699,18208771.605308168,116744353277.81718,0.030789523692015843,0.017621840259449188,0.022372210335832626,548218.0,2.0
2018-11-30,654068.7666666667,3870.0,4171409409.0,1085504.331879877,1.0912529236666668,92887826461.15567,84892193761.3229,6935529216687.505,0.00010889963320452785,0.5398601414973744,4.835733333333334e-05,0.23346601682460197,873.3622244599999,4354736.589601002,44556001.380952395,48375.0,3.3869136571678804,261188959.88117328,48375.0,261188959.88117328,68.32549275266666,66.58867480497477,1.0,5345.764674878238,-28.44137630317654,-16.64744242875486,17400929.82791121,20387014.0625,13762354.87088176,8055798.0,17880777.0,8731658.173616042,44943251049.62519,1.1550419414539037,5907.128234258578,0.011524835333333334,60.014016062842074,20751847.935634017,106774578075.45866,0.03008226200733203,0.027450002901144143,0.02406806359121349,552088.0,2.0
2018-12-31,598767.8709677419,4375.0,4311586320.0,998524.3406460099,0.7921016519354838,63885531478.896355,80666297204.02534,5504781269400.18,8.554130701069679e-05,0.31442662486958967,3.0332580645161296e-05,0.1119052119291911,698.0102216800002,2565361.291918475,38341235.60337647,54687.5,3.694390802973559,201015532.3819952,54687.5,201015532.3819952,66.07395120806451,46.811625088529084,1.0,3665.740837408797,-75.0362993880077,-27.523954454692227,17455617.32738074,20393850.0,13899212.9383567,8191030.0,17388659.0,9276200.029830309,34007564880.029324,1.3695876030431975,5040.709972280038,0.014998463548387094,54.755729641927104,24083150.048407584,88603043932.47466,0.03483366671370007,0.05285878143202925,0.04408922203909466,556463.0,2.0
2019-01-31,585617.1935483871,4525.0,4325547985.0,959338.1885958095,0.8172862529032255,63979772945.9445,78261700790.61024,5763979560266.858,6.855626778614443e-05,0.2506790398200272,1.969032258064516e-05,0.07162951465940347,636.6095970399999,2323783.8925615936,41797115.366665535,56562.5,3.808895736651676,207213618.91032293,56562.5,207213618.91032293,69.39393823032256,50.89836152749121,1.0,3659.232663750682,-71.10329541220952,0.7470606938513593,17512179.82699504,20400920.3125,13989217.50305741,9222189.0,18584565.0,8467267.623208571,30913767556.810604,1.0902536980319366,3990.286216027299,0.014657892741935484,53.53747577655506,20420336.564657565,74604045051.0969,0.03573987666349271,0.039270791487789315,0.046708294036560245,560988.0,2.0
2019-02-28,644804.1071428572,4125.0,4337627917.0,1055050.4147309982,0.8348206092857143,64181569217.86077,76891961353.20946,5978084651251.755,8.090400864461925e-05,0.299068800155326,3.1961785714285715e-05,0.11920627728918601,747.7480218000001,2765031.6452153157,43756042.26572494,51562.5,3.8323665920202727,188483523.61451992,51562.5,188483523.61451992,66.01422540642857,58.55318692460792,1.0,3659.201131282874,-60.64220212060964,0.08288047883115476,17563742.32691785,20407365.625,14010609.86518483,9260134.0,18400575.0,7817733.88959689,28718068510.11569,1.0292146069262427,3776.6970589565785,0.015197795,55.52958926361644,19041575.324991953,69974423456.07101,0.03435297626525723,0.023121547512560375,0.03262139359973997,565113.0,2.0
2019-03-31,680585.3225806452,4550.0,4646471300.0,1025518.0733595834,0.9041721387096772,69025789892.46642,76343301405.06487,6149917275007.41,0.00010309856744452668,0.4050609699607467,4.8203225806451614e-05,0.189673528632536,989.3036262999999,3893292.2320848033,44859654.39200757,56875.0,3.806365989434945,223249273.2268513,56875.0,223249273.2268513,68.72916107,67.70940184631395,1.0,3923.4174107501753,-55.38829171641502,7.742926388306285,17620617.32664461,20414475.0,14030101.09586306,9458396.0,20610776.0,8332402.21621269,32665182330.68325,1.081973937069691,4233.93839305798,0.014080363225806454,55.16113523977217,22296907.54739033,87302410246.41248,0.034083647285955664,0.022540958710169055,0.023292916709967453,569663.0,2.0
2019-04-30,742951.4,4338.0,5218434218.0,1204285.3837995937,1.1780291163333334,90817700621.03589,77082720714.91762,6377082614009.35,0.00024410970186058303,1.2564583754893168,0.00013088733333333332,0.6736497115601393,2685.1679671599995,13812402.418750778,45837408.34701779,54225.0,3.738180599961523,278999224.5075599,54225.0,278999224.5075599,61.19524792699999,80.1425070878672,1.0,5145.797054693161,-35.03268060059322,31.036589025705414,17674842.32454032,20421253.125,14050693.16282137,10996420.0,23112854.0,9272890.207685597,47635478481.91638,1.1324221375177304,5837.569578451753,0.0121588705,62.40886076053292,26399755.875669144,136032296725.81714,0.03631259873292103,0.033709350782457154,0.028924674137908866,574001.0,2.0
2019-05-31,813907.1290322581,4721.0,5711107644.0,1212589.3098367364,1.612146377419355,129139163261.92526,79862049460.86798,6691605643927.66,0.00038076040963974493,2.898196213409349,0.00022202354838709679,1.6949886633661895,4342.98116009,33064518.331655707,50592744.29504934,59012.5,3.924388976849707,431653677.32793313,59012.5,431653677.32793313,63.0756880667742,91.48569395472309,1.0,7292.91998425746,-11.4573607115102,41.33902956196692,17733854.82433104,20428629.6875,14046928.3099478,11500508.0,25963815.0,9165904.00236338,67050799298.014885,1.0123499821759994,7453.58377222012,0.010260047096774194,74.24896084688969,26295844.23905541,193992800216.05603,0.03727856219979425,0.037887884227613605,0.03609805636471402,578722.0,2.0
2019-06-30,841842.0,4519.0,5437052616.0,1203777.7221404605,1.943737124666667,166864875761.77356,85573211282.6032,7499646513556.04,0.00035260613778753924,3.32205577131155,0.00019868033333333334,1.8749041635418409,3700.8100473799996,35117058.141851254,56176746.895945534,56487.5,3.8690608333333327,533768513.6867874,56487.5,533768513.6867874,70.49956068633334,90.35685409432467,1.0,9393.020061772837,41.35007245695707,28.340656311804285,17790342.32431396,20435690.625,13958602.98479477,10481484.0,24850340.0,8217399.729901661,77680444049.50267,1.2791851710000002,12074.075595816623,0.009420953333333336,87.73449998672051,31850249.05057149,302194050933.5595,0.03509231383952182,0.04449146314955054,0.04212096333828388,583241.0,2.0
2019-07-31,740632.1612903225,4770.0,5122108020.0,1082143.1625281738,2.0311094341935485,189957776618.26242,93635635451.12944,8744438535603.904,0.0001866696009461748,2.007650708640273,0.00010079387096774193,1.086339917948916,1943.9022453,20972956.635386106,66689967.40792457,59625.0,3.939350806451614,636156123.7810141,59625.0,636156123.7810141,72.38042833580646,79.9047352246906,1.0,10659.624927258154,52.18535974798891,17.014251157820034,17849967.32289936,20443143.75,13998091.41096732,10302567.0,23056317.0,8739877.665234368,93446146040.19931,1.1357041854838712,12184.438571674433,0.008197449354838711,86.84827179821984,26276305.514136843,283069872699.41254,0.03989562822126915,0.060668202430787715,0.05354263964231372,588011.0,2.0
2019-08-31,710044.8387096775,4676.0,4861798148.0,1044402.5206673649,1.9148736232258068,190036187644.78616,99290434473.04068,9942372125826.08,0.00013039307566361616,1.399404625858135,6.580612903225808e-05,0.7091722178803941,1337.00530649,14358497.596877629,74479674.8098925,58450.0,3.8489838709677415,620995889.0444387,58450.0,620995889.0444387,91.77716986354838,71.56189563431131,1.0,10628.744097537752,59.84430726190855,0.014611245832618549,17908417.32219925,20450450.0,14041459.2694056,10157607.0,21933439.0,6466881.3914268715,68825877540.55751,0.7353955906451615,7831.747366846953,0.008158555806451613,86.5197189096453,16200827.1531147,172570954667.3095,0.04245602422978895,0.04153364789527465,0.05212877958271705,592687.0,2.0
2019-09-30,717043.1666666666,4635.0,4681226755.0,1016420.8122955007,1.7210370006666666,175652019438.81244,102072351890.57858,11532111227028.291,9.397039945041783e-05,0.917122792425941,3.8015e-05,0.3700405039028701,926.5834993300001,9053189.733180521,88386076.50146979,57937.5,3.929614333333333,568590105.8179035,57937.5,568590105.8179035,87.71539676400002,67.7192867446766,1.0,9792.419261390021,48.87817311099557,-7.899878730022181,17966354.82206827,20457692.1875,14086259.72434855,9800953.0,21213018.0,6701002.728004279,65310833285.87374,0.7830313150000001,7625.5489415282955,0.008913421333333333,86.9921997709762,16752422.864920253,163219685701.02173,0.04316425791425129,0.028571565474591252,0.03521400166755563,597322.0,2.0
2019-10-31,695897.0,4524.0,4629690761.0,1027506.8586954261,1.479189099677419,150939700541.63913,102030594845.88594,13110941463524.78,9.064744269914614e-05,0.7692733618419719,3.6560645161290327e-05,0.31250769143014395,894.1908586599999,7570459.2329678815,94980613.11483392,56550.0,3.69993435483871,472784740.0715408,56550.0,472784740.0715408,92.95907898354837,69.00911129591115,1.0,8387.15982785581,30.826688899027936,-12.731294897719136,18022904.82176411,20464760.9375,14110201.19444864,9890188.0,21030173.0,6700706.18994153,56391849069.37756,0.738748090967742,6203.134403691616,0.009694632580645162,81.29742656715035,15599225.391897326,130829930004.67639,0.04299629890087928,0.030972345266159208,0.02994701669100244,601846.0,2.0
2019-11-30,720745.7,4246.0,4567153034.0,1082110.1556657637,1.4661115723333338,150522379311.06992,102644035717.97588,13023567174169.537,0.00010247610086375654,0.8590062240423639,4.575533333333334e-05,0.3835918791063417,951.0046430199998,7981111.286352541,91544512.94308195,53075.0,3.5774745,442822212.8953588,53075.0,442822212.8953588,82.45008751900001,74.26475660435504,1.0,8339.68837955192,59.53081513094389,-0.00822295345915407,18075979.82160668,20471395.3125,14136793.91000203,9240225.0,20245181.0,7229810.156676931,59862460093.53262,0.8309230719999997,6867.056928046386,0.00989543766666667,82.27161476079146,16914032.179110553,139765445916.12415,0.04184236383841149,0.0354356086531724,0.03379780828538299,606092.0,2.0
2019-12-31,697138.4193548387,4603.0,4499947293.0,984491.0586121873,1.2934968338709676,131195071886.20277,101425634386.52943,12920089109622.377,6.674825825067724e-05,0.48340055081103656,2.3255806451612897e-05,0.16830088591026943,632.3398988600001,4577985.4600311,95372425.77767727,57537.5,3.7416856451612905,416991590.8610214,57537.5,416991590.8610214,98.48493387,70.7155721757005,1.0,7246.166450772045,98.73324532765646,-12.033055944465888,18133517.32139018,20478587.5,14171086.25978286,9418563.0,20229425.0,6164918.745142019,44583743999.90803,0.8981363951612904,6504.862602967131,0.010094517741935483,73.10630696631844,18485598.873353392,133825003650.96613,0.0389293055586331,0.027126662572217516,0.03154638965558494,610695.0,2.0
2020-01-31,712120.3225806452,4737.0,4613417037.0,979314.8458232238,1.49003571483871,151969133482.52292,101945066029.36127,14393980063576.477,6.356886748027456e-05,0.5349591538696059,2.417935483870968e-05,0.20504516692061223,618.59678222,5217071.1229718905,109247849.14994262,59212.5,3.8382575806451626,494368080.865963,59212.5,494368080.865963,97.34671340258063,87.29835731544546,1.0,8365.735932086498,129.8054337781029,15.726295795534913,18192729.82124736,20485989.0625,14224141.89585597,9605536.0,20811255.0,6399861.125506562,53900221980.71165,0.8576016999999999,7230.197381560084,0.00930397806451613,78.1301953979561,18126085.57299156,153133165484.26035,0.032238071468922186,0.028890760638019413,0.02823067802637776,615432.0,2.0
2020-02-29,758550.1034482758,4154.0,4564714239.0,1101620.0229363511,1.6707425565517244,175746629371.8534,105201067008.33853,15508533469742.473,7.850200551226981e-05,0.7604917182742839,3.671793103448276e-05,0.3560424211220437,744.09274634,7209705.357601985,110430179.12632583,51925.0,3.5869808620689647,500781720.48535603,51925.0,500781720.48535603,87.23208779172413,100.6858838578817,1.0,9646.19281580645,164.06828884943326,15.92131444472182,18244654.8212026,20492479.6875,14264032.65137672,9437431.0,20486110.0,6533465.251563632,63078045395.00618,0.9013388931034485,8690.317008533983,0.009308046896551726,89.63741514529374,18502186.849735085,178384135125.8548,0.029825793794366118,0.02566808273138448,0.02736741469501375,619586.0,2.0
2020-03-31,737506.6129032258,4255.0,4662996778.0,1106707.7598803546,1.2151417400000002,125796883642.27937,103221705538.68639,15757356905537.072,0.0001466756443160631,0.9331635715820469,7.729419354838711e-05,0.48650551622684884,1250.83487107,8060338.178624205,106848363.58433442,53187.5,3.4273146774193557,372602392.4134673,53187.5,372602392.4134673,73.45426843354839,67.31202831815092,1.0,6885.037264610396,75.66331604940106,-27.92931938117666,18297842.32092347,20499128.125,14302303.60221957,8897428.0,20767441.0,9282041.48415078,60664154025.31936,1.0438796016129033,6895.0102111962415,0.011703369032258062,78.3198634379504,21864608.274417844,145267457744.87637,0.04233694450936574,0.07487860531818172,0.057158131807586866,623841.0,2.0
2020-04-30,803426.3,4513.0,4890576273.0,1090824.239737471,1.3075633346666666,132409893398.78941,101242861836.08932,14923001044010.713,9.185047274393358e-05,0.6821456426932287,4.236266666666667e-05,0.31751048532312676,818.1587826300001,6102465.2062221365,111395834.33877948,56412.5,3.7450581666666674,406425968.5043793,56412.5,406425968.5043793,91.46567484733333,68.40506058070436,1.0,7224.347704104812,39.33917270942898,9.754164198061359,18354254.82081895,20506179.6875,14270822.85051178,8703117.0,21389827.0,6857664.487652101,50175326408.27507,0.8296275623333336,6031.35060027206,0.01058342966666667,76.55944162995415,17920936.8433486,130849051411.34181,0.05034754186224942,0.06291228953299453,0.07679372353989207,628354.0,2.0
2020-05-31,895938.0645161291,4192.0,5325079998.0,1275752.0907344467,1.6291726190322584,170256491128.05872,104498670735.76721,15712145691174.225,0.000362296618202965,3.375722993764458,0.00020322129032258066,1.8924210308890035,3251.5752655100005,30280828.965003725,105723163.20273826,36481.25,2.3378603225806445,336158657.8543753,36481.25,336158657.8543753,85.37941981225808,87.88952927424874,1.0,9264.66814318923,28.20312153235394,27.937582340575016,18390736.07073751,20512729.6875,14300009.21677796,9088147.0,22808099.0,7308991.564267561,67773329628.27321,0.7794369977419355,7225.192966338689,0.01036671064516129,96.04218394197231,17901477.717588652,165974079702.20355,0.05083546194973474,0.03827952152916288,0.052525213903805996,632546.0,3.0
2020-06-30,875518.3333333334,4549.0,5222446094.0,1154400.0916017084,1.6383312716666665,174461133421.24637,106499329558.72646,14874040335653.895,0.00013534556970599975,1.2894956015468055,6.828499999999999e-05,0.6507441384951679,1255.89163308,11967712.283441441,111613940.96729173,28431.25,1.879409333333333,269609394.33217174,28431.25,269609394.33217174,100.25887618333331,88.87531237773467,1.0,9478.762561918957,3.014839776787139,2.3584061104481884,18419167.32053537,20519837.5,14320081.31265977,9189828.0,22680545.0,6513734.431081232,61909153338.99213,0.694390491,6586.103830883352,0.010477608000000001,99.30015860678729,16034762.58316089,152097375574.8045,0.05133008543671326,0.03240443647042426,0.035555489404697674,637095.0,3.0
2020-07-31,957907.9354838709,4589.0,5634141189.0,1231561.20307198,1.6375572916129024,176923367010.7228,107999882422.6162,16652068982438.668,0.0002476758057103509,2.456220619844966,0.00014404290322580645,1.4294738464086048,2550.77698977,25346531.824969348,122218376.20925352,28681.25,1.8319350000000003,275143978.07043517,28681.25,275143978.07043517,93.18898258096772,86.63921107805356,1.0,9597.276008946852,-9.024898804574173,1.5337470450163126,18447848.37875467,20527007.8125,14346278.69699009,10152857.0,25475240.0,6798018.62245291,66127605892.01057,0.6502882119354838,6275.266297545716,0.011107739999999996,106.58563602962127,16633256.862780878,160877117776.48636,0.050424859633174744,0.0170462298938602,0.025691915036667186,641684.0,3.0
2020-08-31,983687.4516129033,4521.0,5763779096.0,1275403.4837537361,1.9062784622580649,215055513197.83353,112824346331.35312,17067491072034.682,0.00034115963819230077,3.9719368892946925,0.00019169806451612903,2.2317914093965823,3370.458278909999,39236112.021381006,123700702.43441825,28256.25,1.8020285483870968,329056826.21913713,28256.25,329056826.21913713,88.09997884322578,97.87607775516254,1.0,11648.209951568604,10.316244386068217,21.10202239958245,18476104.62852162,20534071.875,14350815.42575857,9789543.0,25629336.0,6951059.371528,80991342190.96832,0.6631366935483872,7731.114218491891,0.009346459677419355,108.84776559313349,17124984.59671354,199597226038.2655,0.05051818324581773,0.02679283580696695,0.022811903245424377,646205.0,3.0
2020-09-30,981308.8333333334,4531.0,5610316086.0,1240623.9934441452,1.7101627043333332,196875197255.9388,115117275784.38799,18110112716113.3,0.0002579805497253852,2.7426648644733955,0.000137308,1.4607816513970748,2470.73885836,26298581.983125314,135729244.1419187,28318.75,1.8633614999999997,301613423.6510005,28318.75,301613423.6510005,82.48961823666666,83.7124378579392,1.0,10647.193640549382,10.358065317670947,-8.492467460986235,18504423.37650371,20541151.5625,14358849.49866187,9488466.0,25048236.0,7292639.5019178195,77688798274.01482,0.6420106333333334,6833.657834190728,0.009985524666666667,106.26728310880485,16218172.210019479,172777128855.39096,0.03583655040229672,0.027899089293941144,0.027670356790969415,650736.0,3.0
2020-10-31,942010.0,4201.0,5250979646.0,1253806.625151816,1.8675541425806452,220289220093.06018,117820928643.37393,19623737371395.33,0.00038406365669021954,4.7599583912866965,0.00021768870967741935,2.697990751477156,3486.6859102900003,42949221.99787214,131980586.2874028,26256.25,1.6694275806451615,309711787.0842,26256.25,309711787.0842,82.71273751032258,84.70211623639234,1.0,11895.126609905545,41.4809717403684,11.849803500341606,18530671.4793548,20547715.625,14363774.76881262,9280893.0,24670182.0,7686921.1924331095,92091414837.64801,0.6891566829032257,8245.459202002257,0.009387500322580644,111.5422353466122,17085414.904883035,203826086814.26978,0.02774015038185665,0.018368494183787182,0.02384724799756177,654937.0,3.0
2020-11-30,1025807.9333333333,4466.0,5628700839.0,1263286.9318807898,2.3675643035409,309167906727.05066,130309344764.33298,17493128739134.781,0.00037817221933010017,6.010937673893797,0.00018023199999999995,2.8654521280356136,3440.37808167,54935312.16967621,129004193.30399369,27912.5,1.8312273513833333,466756483.1373514,27912.5,466756483.1373514,75.631818861069,101.39778970834132,1.0,16670.627445129558,104.95591220533629,39.667582799962474,18558583.94336327,20554693.75,14471136.96808598,9141753.0,24573566.0,8200817.475427998,135715516264.0293,0.6866809677328669,11364.79913845192,0.007688362999999998,127.25940624434288,16985388.19616664,281919858788.232,0.025745551710330015,0.028250923963177643,0.02397849129912847,659403.0,3.0
2020-12-31,1071402.6451612904,4514.0,5810116988.0,1288197.4205839378,2.6989530110196447,408553190755.4302,150557593793.88492,18864314213872.777,0.00031036993799918826,6.941536769202226,0.00016151709677419355,3.611405336337668,3053.0301601100005,68295870.4915808,136509190.200406,28212.5,1.7885073247258059,624020052.3271852,28212.5,624020052.3271852,74.44105058158596,105.77400643869532,1.0,21995.873674932598,204.14950175088757,31.127534106917075,18586796.44247703,20561746.875,14498550.43808027,9723135.0,26615680.0,8495578.72064895,189530699247.52133,0.6537981519908065,14506.197348676993,0.006207314354838709,135.02492612574602,17581590.97889266,391121230452.4818,0.02689916893348785,0.035903194862782546,0.032412251786734014,663917.0,3.0
2021-01-31,1145268.5483870967,4635.0,6065674474.0,1308849.5556441306,3.136979140294774,646468976899.3224,207007299177.78842,20111677538187.504,0.00032642764292755284,11.412045731833722,0.0001693493548387097,5.937002329858159,3309.28085367,116072291.48220477,149214802.70818874,28968.75,1.8336143638225804,1007564082.9378467,28968.75,1007564082.9378467,73.4968311461186,111.1027947063431,1.0,34752.858564753675,314.1564037026246,60.32942736187498,18615765.19153712,20568989.0625,14536616.59255846,10071413.0,28447793.0,8513802.066661943,297437622508.97784,0.6410798438797417,22345.337747480597,0.004476262258064517,155.43700258845735,18438860.804818448,644978634014.8722,0.032171825113677104,0.04565371743058425,0.04125071625240847,668552.0,3.0
2021-02-28,1153490.7647058824,2501.0,3275940726.0,1308838.1868192856,3.3798700105102353,809566153523.1561,238671536916.05948,21252921879431.2,0.00043718485231058313,19.142901081506306,0.00022722588235294118,9.923649126033267,2447.35844791,106933893.94917095,155399501.79220527,15631.25,1.8020544553529416,677458770.3057401,15631.25,677458770.3057401,83.18825050502412,109.2167278263194,1.0,43467.3200170351,339.2430232570636,19.868644445109073,18631385.96697421,20572896.875,14550638.08555776,5580096.0,16286907.0,4125374.1445898903,178821827578.9904,0.5672300548496471,24633.417331634097,0.004038681470588236,174.20093278423846,9302749.770527171,403725884884.96344,0.03632110224589628,0.05476727940381938,0.048485741141761844,671053.0,3.0
