time,AdrActCnt,BlkCnt,BlkSizeByte,BlkSizeMeanByte,CapMVRVCur,CapMrktCurUSD,CapRealUSD,DiffMean,FeeMeanNtv,FeeMeanUSD,FeeMedNtv,FeeMedUSD,FeeTotNtv,FeeTotUSD,HashRate,IssContNtv,IssContPctAnn,IssContUSD,IssTotNtv,IssTotUSD,NVTAdj,NVTAdj90,PriceBTC,PriceUSD,ROI1yr,ROI30d,SplyCur,SplyExpFut10yrCMBI,SplyFF,TxCnt,TxTfrCnt,TxTfrValAdjNtv,TxTfrValAdjUSD,TxTfrValMeanNtv,TxTfrValMeanUSD,TxTfrValMedNtv,TxTfrValMedUSD,TxTfrValNtv,TxTfrValUSD,VtyDayRet180d,VtyDayRet30d,VtyDayRet60d,block_height,halving_period,AdrActCnt2
2014-07-31,19719.153807493993,78.09559653744824,33589.641002308206,18791.62636222976,-94.52503030509027,3492304.283843912,38505819.72084574,8547764216.405909,-88.77397970618391,108396.52480235451,inf,inf,3847.4220321933985,40813413.06395491,6922490932.401315,-10.95220173127588,-89.16497046564287,842215.0814298146,-10.95220173127588,842215.0814298146,-29.02275700975331,inf,0.0,940028.0597879635,inf,inf,266.3180746843337,9.565656396959877,243.81280669991887,23459.274193548386,64784.161526824166,833.9668429756291,9181465.996278575,-97.57634959912112,23447.930295287493,-99.53944362641782,3968.2208361394223,2357.5131820986035,24154971.414098572,inf,inf,inf,338.6948670931258,inf,3927888.576451037
2014-08-31,29438.425375833038,-14.777260638297873,30913.73136602521,35351.70710931856,-80.0481463999314,2926744.1783650513,14065131.760616243,4830249601.375469,-89.31149729063132,85922.88410527034,inf,inf,3290.2485965954374,27137995.727129817,4254713362.1869416,-57.38863031914894,-87.92898402242336,354064.24218443636,-57.38863031914894,354064.24218443636,-48.37894610658946,inf,0.0,831317.7370586921,inf,-1505.3933100975178,241.1761309129083,9.214875632164476,219.2270449136381,35270.80255204836,64171.54038482444,417.1647265682183,4285428.811950295,-97.67119046245551,19076.53857984366,-99.83660394257922,1232.5093304544123,1574.7147403770275,13735991.656613307,inf,-29.676413725112617,inf,311.24107569361064,inf,8725085.736836573
2014-09-30,25957.488268156412,-14.553651938683497,29932.577633066678,35240.61872832835,-72.0990152609978,2377005.7316164393,8391946.936682612,3695273332.0183883,-30.293457406777012,498653.4585883187,inf,inf,19642.051595338424,141038114.75372192,3129754338.1303506,-57.27682596934175,-87.07914888994824,307217.14660320064,-57.27682596934175,307217.14660320064,-38.40208588775236,inf,0.0,718084.7738618535,inf,312.3291321781016,221.2377963318715,8.878588543583032,198.9441474622586,27921.922472498693,50962.98389137219,290.3022919999025,2770990.2649966404,-98.6606451268253,9460.403979577115,-99.76477042118223,1598.3098226996515,736.0642764306673,5945358.585078589,inf,-4.680781595384675,6.329813839320164,289.4761572010313,inf,6789826.948451091
2014-10-31,24409.0143053106,-20.780322307039867,29707.40941982429,36330.155627611675,-75.04394827293856,1033218.9283678605,4277771.641342388,2123258912.0623395,47.10840018576159,604317.0912149553,inf,inf,38292.94546207693,173589655.2361867,1658193976.161056,-60.39016115351994,-87.27935651264126,125902.90151916868,-60.39016115351994,125902.90151916868,1.971581087330776,-23.77878347943835,0.0,333205.38885871,inf,-122.66729068324065,202.56228636891817,8.517577885978532,180.66931140081292,27993.75736160188,47518.202665902245,128.6322890957331,810138.7642520216,-99.3174847306364,2272.452375932629,-99.8067152771951,681.8195381450469,245.62666093209634,1218238.6455277714,inf,-25.14822445949204,-24.192141832978077,268.9022126730936,inf,6006817.822179196
2014-11-30,22285.487084483902,-25.13115586393637,8704.534779623882,9837.601096240573,-76.84674687534716,412800.43049983715,1736410.272605985,775196673.4714808,-53.95477480491242,62441.23882715343,inf,inf,7565.723411394892,10250759.363282518,598693568.3071371,-62.565577931968186,-87.26073992554144,52556.01638384213,-62.565577931968186,52556.01638384213,-39.206910251091685,-59.810095427742404,0.0,140674.32181605732,-inf,-99.30423473945774,186.04362232194887,8.154233717039162,164.502102209049,4261.972737072712,20720.220854453295,262.71176696956815,515093.27228384983,-98.71410802068877,1732.6082497057414,-99.84296475136316,114.6847676040922,656.98208757937,1071591.8533882317,inf,-71.26887223635761,-62.089191625958584,250.57591291690397,inf,5011000.320095957
2014-12-31,22343.780839474526,-19.79315263908702,30368.76627979411,36895.568027516754,-67.03849610914608,388782.32852362696,1181170.1917461012,337903653.47296625,-34.79122255950443,91231.49954459602,inf,inf,14967.791343158404,20962998.529431503,279042312.37194484,-59.896576319543506,-85.61695934854257,56441.35205278756,-59.896576319543506,56441.35205278756,-58.02554180928854,-47.34155946664289,0.0,139861.87932017486,-inf,100.55425398786836,172.3078872097026,7.817211965771165,150.51346767520877,23308.982035928144,37243.333832111326,465.20427984141384,800903.18415006,-97.27875786573506,3758.122874857909,-98.74886035022938,1642.1836162778923,936.976609057452,1448102.5742629175,inf,-69.60310025728975,-70.98845576909554,235.47612882665763,inf,5037132.9837036375
2015-01-31,14592.995382453322,-12.206936640186006,14625.338791996233,16803.15487781653,-77.74905014179794,179822.75896140703,808540.7684122992,237186806.80182156,-33.21542365564946,41446.13058627327,inf,inf,5251.957330025843,3151872.6757106413,207931951.07651034,-56.10346832009301,-83.52593304831406,29666.08710986709,-56.10346832009301,29666.08710986709,-60.384559758391454,-68.92010980919927,0.0,67586.78308562041,-inf,-153.91511041530347,161.1418598436534,7.558966209434592,138.97297918927651,9597.163287229758,15524.536628420123,287.5680630713583,239740.05584261808,-93.75410276703191,3860.6861149976444,-98.18635547718286,1065.4948742391414,912.0118933522317,618398.6846284391,-18.37377222208717,-1.9974645804759494,-39.112715494047414,223.36822164338147,inf,2158741.133087946
2015-02-28,8603.785708948719,-24.200503054257993,10493.027038749266,14069.226522790035,-83.96548428730233,64843.8705166344,398754.76456646866,146524285.3992296,-53.61501091874546,11625.919348067324,inf,inf,2835.844377004957,722805.9733765674,109988868.97586182,-62.10025152712899,-85.15245158396012,9471.099218424159,-62.10025152712899,9471.099218424159,-21.98312498110411,-76.82495984866542,0.0,25324.58713216076,-inf,-102.2631086063263,149.9615755673596,7.427389299775822,127.56373167799437,6291.2573036139365,10324.393363928892,208.45643227593234,78661.86525471215,-95.06558753722435,1174.5806809841567,-99.33956697365879,70.90121599847592,403.26481655510975,127357.94631021397,-45.68289236808912,-30.46781240075379,-16.771014354429536,210.96984911058928,inf,757458.8566729996
2015-03-31,6336.465954782152,-7.160342717258262,6399.671777096269,6498.5233845862895,-69.60836360349222,77382.00180278766,253479.01210841493,68319039.80424269,-91.54928605568674,2574.8675410929186,inf,inf,245.41959410014158,109983.65528568142,65009311.63987319,-53.58017135862914,-81.08827188871676,14481.640865031663,-53.58017135862914,14481.640865031663,-0.8461466683282515,-35.138576569320435,0.0,31486.689985335084,-inf,-2421.299654740044,141.36322112634292,7.3260698105869215,118.45079020751075,3787.8150294921224,5820.447224484207,99.59438158206046,61638.53505230006,-95.4586141342055,1271.5983882810729,-98.85683632395732,263.4954093439103,205.64638480955796,92927.14261245412,-45.90874325079862,-32.662155187033385,-31.511147737886358,201.75538378015045,inf,414180.93987069704
2015-04-30,5154.9975235946395,-16.39150943396226,5831.639093138205,7031.1362855905245,-76.1874367990285,44279.7302011956,196220.01804231544,56956170.191663735,-92.53929080758964,1306.3255890798368,inf,inf,246.00873181094326,57366.63628015615,47609920.826529235,-58.19575471698113,-82.35931267573883,7616.074354276758,-58.19575471698113,7616.074354276758,-3.6655762722582086,-36.94210530837042,0.0,18729.548102888795,-inf,-124.76641353341648,132.9807852932992,7.213318623399068,109.39516795273305,4531.954707120563,5579.302763169684,79.08280348286911,26626.67791762261,-96.33495932998993,586.9046336684471,-98.64008353187043,167.34150860625746,89.28672859013489,33307.05657184309,-47.260726361176296,-47.514162084443775,-41.33875862151143,192.5923174084256,inf,276049.9897298579
2015-05-31,2547.233302716179,-33.74387891378543,2986.567652766461,4459.457007078798,-83.70147352433945,8543.997717777553,52214.86059903297,22692680.094562765,-95.00767762073797,83.56007339846632,inf,inf,18.71017993044004,4043.800085593709,15505132.05065811,-66.87193945689272,-85.43493212945347,1155.5043018127749,-66.87193945689272,1155.5043018127749,43.87355757213838,-55.7892416047407,0.0,3717.7886543240297,-inf,-99.80053553259808,122.44798997623865,7.044847072908755,99.5301661469553,2365.0297733532334,2714.7139666171006,9.670069053752561,4055.027270713491,-91.7470949615237,217.03735301914656,-98.02091792031369,-19.252844007220602,140.85064285818038,8603.820954593575,-48.17937844151592,-82.12848725357789,-73.9893760545913,180.66395557988582,inf,69978.44159009607
2015-06-30,1086.9434170011812,-29.955242966751918,1392.6037561048186,1994.1863340110312,-79.03404220604517,2775.835767600861,11717.283595759542,6026000.815988839,-94.08701942577348,-22.797652068285068,inf,inf,-32.604161713780435,760.9199516211662,4365470.253179912,-64.97762148337596,-83.9245679292004,360.0680782162131,-64.97762148337596,360.0680782162131,133.33135290656674,-39.04645046014822,0.0,1220.4309221837266,-inf,-99.8134837663105,113.70582131014721,6.893125192989125,91.34276343951836,1026.7384111278873,1258.0314675938216,-27.711982436009365,852.569437450798,-96.53816421996264,-53.43574926517694,-96.96792181151024,-60.89849374178314,-54.94014674278016,506.3101122206278,-55.621486699984516,-90.11029175652388,-86.47092522915727,170.84010557237224,inf,13988.3467516244
2015-07-31,1079.4561641433932,-6.735856735856737,2229.536601476901,2397.7711632295145,-50.68375827778719,4106.4722016790465,8426.417773778336,3213899.462253162,-84.54508606813,208.37415009958602,244.79199999999986,6510.561621075382,150.18180802281606,4883.9031458248755,2997117.166107674,-53.367928367928364,-77.8602464874332,830.2736651259993,-53.367928367928364,830.2736651259993,40.51237175688382,121.71971589995212,0.0,1896.3449304194044,-100.56819040987612,-198.24781824047014,107.80095782830199,6.793576098762832,83.9378055194598,1541.3843955415832,2342.3044033959245,41.344540754718004,2707.155678194955,-94.99807302926374,-0.43294994247414786,-93.73059372644926,23.02536662772543,-13.403214660962359,1630.8127041166238,-66.04399643661607,-67.65634535780435,-83.65520654896655,164.56415420023015,inf,13811.16843135847
2015-08-31,1279.9148054304546,5.076606448662235,1954.9369179783278,1861.0643403265058,-39.97453261203927,5058.8708373073305,8497.583350370724,2883240.297234089,-79.50592827380082,429.886236824549,190.816216216216,6668.6368223171185,219.17132279937834,8084.822755631677,3031892.663881052,-47.461696775668884,-74.41341607135752,1211.2470430514552,-47.461696775668884,1211.2470430514552,-29.22112096689825,158.30769772454204,0.0,2412.6030700399633,-100.34407935824139,-64.19923274416766,103.0665677365584,6.71393286503521,78.77435898083576,1437.554594566628,2214.541858309179,166.55094679506738,6697.00234446495,-87.14935001295837,223.4214864103903,-94.27007752069142,40.26698468638041,112.57601508621144,5299.306322827189,-74.18125670192126,-70.37170388764561,-69.85466117333515,159.70100339578698,inf,18941.64870246169
2015-09-30,1777.0245959269353,7.505412557132551,2713.1440298598927,2505.803024075632,-11.964415879267875,7826.393660263295,8930.757684952176,3282304.425824749,-75.84145166205809,839.6172542195741,inf,inf,411.49217862729915,19557.24993501798,3526343.3438573224,-46.24729372143372,-73.24078696364354,2012.1686270048642,-46.24729372143372,2012.1686270048642,-21.3538221554062,135.06070405364392,0.0,3841.733429793303,-100.49316715914185,-85.21515091868936,98.86033803097303,6.6401322619454195,74.44944056038578,2074.858126801304,2095.920068611903,122.09666382304162,8790.825971465518,-90.74972376027807,248.49694600420764,-97.3384882807234,4.560238544831829,85.45836157125251,6645.427139980879,-75.95264507301731,-66.63105725628449,-67.43459104352031,155.41370197194553,inf,35132.21333714675
2015-10-31,2510.4396888039246,21.632435316084297,3366.381536441958,2732.935219271296,53.60082796052011,14344.490673686665,9320.496087834223,3924258.8154706047,-72.98875912010394,1838.347688825198,inf,inf,592.910398999683,49287.93575692856,4768769.060840922,-39.18378234195785,-69.14167392156068,4323.693097315146,-39.18378234195785,4323.693097315146,-29.53309424103675,104.20403193602792,0.0,7220.67263698685,-100.6760541353797,-135.50700152412207,95.44018391832797,6.582616876247105,70.80738081768307,2485.9514106202846,2714.6062167212085,178.94018901519922,21083.464510456928,-86.67934324548008,896.1626745313386,-97.31319033453721,95.82636919586255,274.97441621091787,27928.982537706725,-78.06219138638852,-82.49133694648118,-72.30820710158034,152.09920763420322,inf,68043.95368882731
2015-11-30,3019.408093097064,12.3761179598743,3533.7514272214435,3139.518222967556,137.31170202853485,25048.90559331741,10521.367038513965,5550681.067472058,-70.83457703235048,3727.0337579094585,inf,inf,749.063821472249,110968.83068495283,6242647.288952439,-43.81194102006285,-70.96382056139257,7155.629022327975,-43.81194102006285,7155.629022327975,-22.041150858943936,75.5249033747715,0.0,12892.693378220662,-100.41149949767035,-240.14930677741395,91.73435426570747,6.512914999613839,67.15751473857719,2786.901282035732,3281.0556266329277,40.920680482274264,18762.34066699683,-95.85495404165573,486.85287507045325,-97.35708359751811,242.66602562715437,48.58990278861255,20866.994111613483,-71.74532326746507,-53.040576930499014,-62.682168151936445,148.38089234252777,inf,97207.0685127946
2015-12-31,3658.8320420400187,10.425299890948736,4028.6392370006424,3642.973176786083,99.76232968110368,22934.95693434323,11439.584944417926,7439285.13987365,-94.59521349555196,599.6697659143871,inf,inf,109.77562675155382,27181.040480719683,8205704.643495336,-44.78735005452563,-70.89456858197345,6605.6747494177425,-44.78735005452563,6605.6747494177425,-6.599153257113011,49.951495014184566,0.0,12056.875124400032,-98.10794424109393,-30.79580930188278,87.82310752416298,6.434397034091521,63.07476748972864,3527.9179801326477,4097.243714863428,1.9107688798129852,13583.265931851816,-94.1621965434646,696.8912258644826,-95.51700191842282,451.18737485461605,128.9001924328441,31398.025926521354,-61.95443762571319,-35.257702219454586,-46.89006431803499,144.42861516736338,inf,141188.18320266734
2016-01-31,3169.2184414228323,2.59274873524451,3205.999120546678,3128.5206890624736,12.882402003167392,12363.884571087125,10941.217652178928,8889715.51386645,-93.53859016914254,349.62850660755,inf,inf,97.70183216288375,13556.412569423852,9134852.996098584,-48.703625632377744,-72.3882939110475,3336.8808449620487,-48.703625632377744,3336.8808449620487,-23.169119629989986,-23.140527385250653,0.0,6610.373646612614,-95.84227631263673,-103.85385780844167,83.89278081182823,6.3472166581233225,59.52908144787508,2941.9886701223136,3561.7808513401465,154.83848618014292,16679.013487488628,-40.30133972543868,3751.5123774454955,-98.01188228168236,33.25403561745175,2259.5846167020172,151400.77306603402,-59.75347744730695,-46.555513481747845,-42.30428333174358,140.34529841915221,inf,106777.8921773913
2016-02-29,3196.402342805018,4.523536165327213,3445.0646369860665,3302.895428946576,31.752937837401717,14275.177485286345,10814.356201220307,10660884.74733786,-73.37552557497233,1968.6703408577457,93.33333333333327,17808.109347571084,706.7884770844838,62919.36898636485,11022443.934706861,-47.73823191733639,-71.30477609235085,3996.0516147257736,-47.73823191733639,3996.0516147257736,-44.04448205359665,-7.431747184553106,0.0,7783.879100501716,-84.69944390730335,-92.50536023690475,80.50353488161454,6.268826497857893,55.35821705448474,3001.472289203866,3545.015789236786,170.3915495434755,21933.339988104723,-78.98797223737992,1664.1412152625999,-94.5456633205455,336.57418050808303,643.1673918262212,62575.31544774295,-54.739906892388966,-39.70171575277788,-43.93993023057953,136.8481731110323,inf,108562.68405650415
2016-03-31,2956.2710625342024,-1.9490254872563728,3323.7306489283496,3364.9863087760195,35.36565320107825,15014.379193346622,11065.879165701197,10784348.37170877,-70.79941619051293,2368.49725570677,inf,inf,801.9237721699005,76108.40793285947,10567325.701090464,-50.97451274362819,-72.56027812616306,4046.2808552259808,-50.97451274362819,4046.2808552259808,-40.308452884227684,-27.9199668930749,0.0,8356.998388634984,-88.6086810714261,-218.92756111037843,76.97162056113875,6.18001535184638,52.25855346101487,2964.764143109496,3300.5780792894675,200.52407458225656,25333.050394715596,-80.17892231372927,1580.4118901818888,-95.45255452686186,286.03959502116743,605.2747862833306,59678.06626676308,-52.34832743491026,-58.06756367157888,-45.833430850115185,133.11968885385684,inf,93307.92807683942
2016-04-30,2672.5357937396248,5.914489311163895,3073.2051367774793,2886.8340772074794,35.031383313169286,15208.794075455438,11236.320928960484,10918899.644299407,-66.8210938455041,2818.6916413178456,199.99999999999994,25920.40813209761,878.3172169271197,86080.52030311334,11567852.380665671,-47.042755344418055,-69.81558897676321,4512.496131350292,-47.042755344418055,4512.496131350292,-13.518789458925273,-29.592189462094453,0.0,8622.44449432699,-76.38704110247849,150.77256069252894,74.03874843870774,6.105663620496271,49.39518804787395,2808.4879868189964,3141.9053340623195,99.81227000909631,17359.67867877054,-94.1287615825811,411.0137919780853,-96.9411413380449,165.8794770633621,88.33356725806118,16289.4872282551,-46.29098864335648,-61.05992143878528,-58.492400361782295,130.11139260416024,inf,76769.54727567411
2016-05-31,1725.1605081217913,4.666968735840515,1105.0686409785571,1028.1576057584498,37.69490219416731,15639.381960416807,11326.296595856656,11617024.607428309,-67.74094215650437,2854.7469326837754,-78.54806451612905,1864.0109091494387,231.37696866092776,30123.344550880294,12193123.21770829,-47.666515632079744,-69.66312339771441,4670.084655828866,-47.666515632079744,4670.084655828866,-3.0473424489284806,-21.82798798716633,0.0,9028.117102717652,-990.1698369357131,273.4019202304288,71.09403238391695,6.027019576320214,45.535937600318775,932.576691974333,1055.4226587988646,72.76345729168389,15707.357701662993,-92.47362907135519,590.4596528066421,-89.99654596394792,816.3958661655455,-10.498548392111273,8084.912448907226,-42.91439368803489,31.624205617724478,-29.704780692122203,127.07624168872957,inf,33212.10880407396
2016-06-30,1423.789597313479,-1.5435501653803696,735.8847415311212,755.3318774892812,49.34283995331719,17935.79773649719,11975.656657333842,12311147.600618651,-59.067649190478264,4276.435141713735,-72.72386666666668,2842.694936020532,189.58207029336342,31039.223590480036,12127461.18431828,-50.77177508269018,-70.96642887036404,5163.267858621767,-50.77177508269018,5163.267858621767,3.921900208741258,4.694562322580009,0.0,10543.942861308546,-357.18549508032226,106.77152012412768,68.13808464218563,5.94179983980514,41.71567541438797,599.1186435154871,664.9512484433508,59.903122831996924,17046.35652651174,-91.8936907974879,779.8510310677528,-75.27552368120098,2554.6320564115917,-32.664528668374494,7217.445869457962,-35.01877407169237,117.58222680298283,82.21246117029406,123.95650592614777,inf,23119.347368807743
2016-07-31,1235.9676194268693,-8.54808296668762,774.244232140197,853.1789724911725,16.30107468639721,13794.893453594028,11879.327702403347,11761258.453059737,-57.77611391301998,3444.4762750423683,-71.41806451612906,2284.5168761964796,207.76929963878908,25295.286440468524,10753236.597111944,-70.47454431175362,-82.2505078644116,2371.4375991630945,-70.47454431175362,2371.4375991630945,31.801432344833835,-9.504882131085978,0.0,8256.205165366777,-418.4871030582386,-87.08205076228822,64.68756919235052,5.846861702443928,37.90409023757271,625.5113872883333,671.825558103364,22.0765691124285,10046.504278888067,-89.58054714399317,785.9394743578615,-84.58481468321894,1169.0257274098149,-17.52156297788261,6788.895956204108,-13.717722064906756,46.54175349535752,73.4154677176859,120.65807521604665,inf,17748.09480157096
2016-08-31,1025.9116401845583,-4.714080754252925,683.7236195539373,723.7306557918963,-17.585024737538557,8536.606118461197,10359.529109105328,9628694.7404491,-57.50301146433352,2155.1511822507846,-64.35277419354841,1789.578446104495,173.83778428953985,14344.345582776354,9171693.472630352,-76.17852018856324,-85.37388580662156,1164.6586384130487,-76.17852018856324,1164.6586384130487,58.98084300626154,-23.72191975126976,0.0,5202.246039705297,942.7920430797785,-132.00129105781664,61.19202900177405,5.753208621667083,34.28550919723665,539.0429726108633,588.4018349389958,-1.284612894758974,5209.854943317236,-95.30139561578638,157.22922049100197,-82.040282562002,855.6453679643622,-66.55362531617796,1729.2375416484167,-18.09434867851236,-42.62559153802097,-20.261694936857523,117.54704506154003,inf,12576.770215030823
2016-09-30,1192.5964277581324,-3.152289669861552,723.4729921379745,754.3964073306616,-10.988920862488838,8215.57475460601,9252.184781368907,8374315.393659494,-62.613946605139894,1852.2156528515786,-67.87513333333337,1574.705806907994,160.6393700622561,13599.589372543232,8121645.063585979,-75.78807241746539,-84.82292701511109,1163.3180034096572,-75.78807241746539,1163.3180034096572,57.967249026048215,9.548468010220535,0.0,5115.297778795083,47.8809576228683,-32.2954479531656,57.99739143661591,5.664578802969844,31.593145960557067,606.7963001735556,643.8644678917042,-0.47210904841537005,5077.265860076456,-98.47513508267248,-20.978480471267737,-68.49621863473125,1562.6049318223322,-88.58069036015259,494.0294980320094,-33.952914271312174,-80.10056414363662,-63.085584966844564,114.73213620445573,inf,16608.05525053085
2016-10-31,1226.0309250719442,-1.388888888888884,748.9547539335085,755.7150451389302,-2.0010260400340374,8468.508912100508,8633.51263873151,8249394.320303362,-63.657621469761814,1872.8399713422505,-64.54432258064519,1846.595873045788,183.67224665184975,15199.52043025688,8124804.513947533,-75.34722222222221,-84.2420424550694,1253.1397954157278,-75.34722222222221,1253.1397954157278,49.63190638437456,51.83996957442256,0.0,5373.684348039482,-42.82399284414341,299.8007383251579,55.01346795491187,5.579193193938292,28.95459388540509,692.6585439026043,662.0096099452335,5.142060840284812,5652.686659273473,-87.50625702274813,586.7379461536333,-46.405871790119804,2870.0829742894084,-3.99506540987028,5148.438728414303,-33.10386835064876,-40.284060967643,-75.06217269262932,112.13366161137901,inf,17483.580142471565
2016-11-30,1477.3113342775355,1.8505980591288607,788.0324128455878,774.1794285859277,11.811510752395748,9605.156781324285,8587.089256735693,7929148.911941305,-62.98509928507752,2230.086555283826,-65.36290322580649,2096.9636750280065,222.49923432758663,20138.217180244505,8065882.854270136,-73.47478547078876,-82.7378218673957,1580.4686756017072,-73.47478547078876,1580.4686756017072,14.789743927089516,66.82466142765635,0.0,6220.178585079331,-67.82108129998046,-1011.4706242309609,52.41312748483651,5.499687290193056,26.73142979281873,757.9123900312703,749.623440214224,32.77182654472084,8296.469767386689,-82.16997793226837,1025.9270324628033,-54.97421505885919,2766.93942989099,47.08733098139619,9146.40064961599,-33.769046501202126,-10.031864313156923,-21.152036690127485,109.81060498017628,100.0,24779.110452403795
2016-12-31,1498.685744405299,11.36957037740327,684.1795449250067,597.6263216344312,9.694574217675056,9277.36656348807,8435.748553996686,9035435.652192404,-56.97432075584575,2548.2576056794624,-61.54068750000003,2270.3413370392445,221.9963443520181,19690.786638611946,10089408.95945265,-44.31521481129836,-63.34504153781637,3341.1722455040544,-44.31521481129836,3341.1722455040544,20.62670587187967,40.62817840854689,0.0,6071.793840834469,-67.03249190805025,-17.910673208791916,51.453275379105825,5.430881184249525,25.924552388450927,649.8715331256942,672.4035034012907,22.650613295131585,7497.096637479507,-89.39620791523846,554.5520088127046,-48.94804015004637,3019.1040739646173,-15.560541819655793,5102.327029212308,-43.98725759200285,-6.098123592323413,-8.905857676123109,107.87772583854927,100.0,25457.96109364724
2017-01-31,1146.4726902371235,10.531053105310528,557.7494882069952,490.5274811560398,2.4902922149613316,8718.217624279712,8541.572190647477,11164181.712755837,-55.60603686993713,2518.8902033528334,-55.115161290322604,2522.573769928868,165.6897468367025,15495.524242145399,12367619.772428216,-44.73447344734473,-63.38510744826311,3111.5112249846675,-44.73447344734473,3111.5112249846675,64.50234804874744,18.94413115790259,0.0,5744.46864683965,-21.357709208280784,-36.66630995434673,50.45688279338305,5.357898155314,25.114696017092687,506.39200679135774,540.5269160284754,-9.64743406173153,5019.211585831108,-86.78110902915314,670.2540222820238,-65.05345888376688,1844.851568529154,-14.056791615769882,4883.525614919489,-38.01843620800245,233.31224766841072,121.82903420985399,105.90244325627478,100.0,15436.941675069722
2017-02-28,1141.5515472016648,-8.651781880635468,454.5756351806539,503.55808392637476,-14.924367499147117,6024.2897857486605,7134.917597441017,12600110.895604132,-38.69102781664569,2424.7728570529334,-33.82635714285719,2628.9387528591938,218.00978167325277,12955.304937701829,11477337.286831075,-54.325890940317734,-69.5246147829025,1754.3796281567938,-54.325890940317734,1754.3796281567938,79.459181936151,10.979134276568626,0.0,3987.470070918036,-61.662737669243725,-73.75660660431373,49.331406836361126,5.26702448623364,24.19771541484903,419.1925057219012,446.10169803309,-15.644128398076273,3396.354217092561,-85.15916574459052,514.9296701588992,-55.7251588105033,1743.7777237864718,-18.01932751659663,3276.9919891146856,-19.566804567766315,7.367538448278377,74.59699628733709,103.51680384854407,100.0,15314.50244358848
2017-03-31,971.822920453352,-13.307130825378998,435.89368713628176,507.1650147743578,-39.414916581268415,2807.78749434377,4821.37844381054,9217385.710859036,-20.45390932819209,1461.2670630662965,-15.224742857142903,1608.08451353539,312.55994189140335,8099.001779815178,8002883.814222474,-56.6535654126895,-70.84245840260198,740.0786381776767,-56.6535654126895,740.0786381776767,22.04906483331912,-24.51336726516341,0.0,1858.053329527806,-84.10805781404667,-93.79881561220613,48.04149992140025,5.159069024375995,22.973884478860217,423.0986730431446,433.9191702523376,19.44462289414983,2205.960382413336,-82.00249071176347,246.76962498861465,-36.58962359560991,1212.533250569844,-2.245753566831743,1774.237690409148,8.999544375427892,-13.067811871142787,-1.3971638242201934,100.79122491397831,100.0,11388.043728091527
2017-04-30,629.9618658911817,-10.650291926716326,403.03689101267287,461.49803538201104,-35.37740931520153,1299.8771654538102,2001.562668122468,6303201.244344506,-18.15293387408804,689.0297824644655,-15.768533333333401,702.2281156027067,299.83734328542755,3743.6031188122897,5649301.635043514,-55.32514596335816,-69.70006101557861,324.10283997473084,-55.32514596335816,324.10283997473084,31.755305508580346,-31.129200942059576,0.0,849.4382051725413,-92.7375443006646,-92.91287085566441,46.88507500309191,5.0611972973501285,21.884727746060094,390.49632497757125,344.2235877724457,-0.8808439065918994,837.1957709904001,-79.82337595709635,94.13673765226275,39.83168822882883,1207.1152111024653,-8.595055227552283,774.1652426539048,-47.88110446327263,-73.7885416744839,-62.4261823270734,98.42549972433423,100.0,5228.443256553353
2017-05-31,897.3944677503935,-2.51155314446454,459.71820492499023,471.86400965270525,17.462417540491405,2248.4328950958807,1890.4994861010637,5098582.880045082,27.87495964458855,2015.8355373289392,34.02780645161278,2118.9788483822254,634.8575832204248,12129.97659723286,4969436.469288774,-51.25577657223227,-66.6869589624649,681.9975039055286,-51.25577657223227,681.9975039055286,-32.15397288985164,35.778174913766605,0.0,1504.93167133501,-86.12612038773942,-2035.3019048400774,45.797100003430735,4.970033081188596,20.78270711559096,477.4950992069757,411.4681090100848,106.6958992904249,3269.791889615095,-43.692376038095034,808.7035280431717,96.65561772115142,2994.67671808951,189.5966414959589,4618.688428924288,-58.4685257647233,-74.2118951321494,-75.12033651036847,96.32317246689767,100.0,9847.957242990908
2017-06-30,1033.4308323158552,-14.151305683563752,561.5521928418264,665.9467744103506,50.69473780296314,3521.8390462062944,2312.323647903467,4035284.1878254483,73.36332045275549,4218.438427667585,83.83179999999987,4491.674640548962,901.1229808329808,24608.234842672355,3507358.272282727,-57.075652841781874,-70.43479404395046,963.1506417021567,-57.075652841781874,963.1506417021567,-39.03824797396446,59.24648573218081,0.0,2394.4580232654102,-81.24598797207958,-505.2601051808667,44.61742112263776,4.86511146142643,19.96123781016701,475.91210015497455,532.4145526503602,133.37275897568603,5696.389163450235,-38.9083689320881,1431.682261290298,-52.642546159146086,1108.2356780559564,287.4830747893431,9517.563675291196,-52.91511501096675,56.460312085074584,-48.64900204988315,93.9667600465261,100.0,12746.654516442124
2017-07-31,970.4782257055648,-8.928238583410996,669.0099105788188,739.0470978457444,53.84949347231809,4119.445180839087,2642.7634607567798,2952744.2436272074,17.280355491705613,3311.9744427883425,3.8735483870967036,2928.686133642682,597.1204777778977,20063.36879471229,2692320.4528499627,-54.464119291705494,-68.38188444806886,1238.1486625873013,-54.464119291705494,1238.1486625873013,-19.99371511998529,10.949968965803869,0.0,2830.2737802997494,-71.7371077916561,-78.25468388712089,43.460630780390844,4.761938718951875,18.842639196613952,496.9281871088174,566.1789445107476,75.36299594881245,5101.808063945914,-56.42208394237984,1208.79819798928,-74.54448241660717,650.9816869331297,183.74770013157496,8353.634388379909,-53.057640150579665,-2.1504026567246037,17.224580497505237,91.75446541283779,100.0,11359.236317097339
2017-08-31,801.22711635922,-24.516018502655477,432.63626749033375,600.070157287401,44.14365688413857,5231.377427405581,3586.635504297871,1855474.2344427083,39.624245285301065,5308.560795315582,27.598709677419265,4950.400564644098,524.5669372868283,24088.995226430077,1405331.1508696016,-62.25800925132774,-73.56517829490407,1301.2802254254334,-62.25800925132774,1301.2802254254334,-41.14294554786496,-9.762937027249086,0.0,3634.6505642356674,-33.89371555267896,162.0201494497758,42.134606006072104,4.6353778607147955,17.77955612271618,354.78593712671625,441.2351708325714,142.19465250038712,8745.819283474408,-57.15262234464118,1471.8924075512214,-67.64905543084355,1128.8564010621524,126.51174395248543,8319.183822842117,-47.73476133402074,114.7192611587795,29.27376513116229,89.09682573247808,100.0,8022.103152611551
2017-09-30,883.1341431403343,-13.719566376399506,445.7633567982888,528.9694162939713,12.203002465096734,4557.431707807006,4054.965775240506,946728.7025799225,-11.27373967915889,2878.6573266340733,-17.028000000000056,2709.4131315511872,292.71097432999136,13107.76872552795,819194.738570556,-56.859783188199756,-69.51680670831917,1320.8584944552201,-56.859783188199756,1320.8584944552201,-25.289553389111607,-32.55651980580717,0.0,3191.208560456082,-40.923412046787554,-59.16913446141115,40.95189665759844,4.523631447971543,16.76519233938414,360.78679135082183,442.0402623244881,89.12109345753056,6136.3095264378,-45.01121294105551,1705.5745182826197,-64.27264763152614,1072.6615011388312,202.3121582436624,9852.789024743615,-45.39656240635467,100.51638603057924,116.3889257594584,86.88010789561406,100.0,9565.527434082793
2017-10-31,827.8134734217095,-22.277786739796746,475.4319472353877,639.85343442445,14.574608711875303,4763.387813839501,4169.907479893779,493221.7193008103,-8.571304806584479,3041.241813377206,-7.15268761360689,3412.3974367771834,402.0088375922462,17223.298773906026,383547.1807791808,-61.13889336989837,-72.29443031284165,1245.3351318300763,-61.13889336989837,1245.3351318300763,-1.937036611316445,-26.730139249651387,0.0,3369.2993582076674,-40.675984803443534,36.58530492885976,39.625663199231774,4.392445773856002,15.820550522254795,448.24835528824013,495.2286326960881,34.20736882468989,4528.78607488768,-68.79958899829921,962.3523436749709,-69.31231450607336,972.7942636050343,83.65026818092487,6158.482685131591,-11.73411717020083,-8.789775339536831,23.36408008801525,84.34758525704362,100.0,8508.378414628574
2017-11-30,547.6976692998703,-15.755007704160251,364.374179624793,439.8778524186768,-29.241251575982087,1877.6490191263633,2850.2664596133804,257255.21993755252,67.43258528070706,2987.5711968127025,562.6270000000002,8755.385767182139,739.7453504177248,14093.272713686736,217994.66318903386,-57.877503852080125,-69.71386140761376,515.5556962033016,-57.877503852080125,515.5556962033016,7.478028654813507,-48.4848061322108,0.0,1324.2175400658332,-78.58976859666166,-80.2473497523167,38.57620442387193,4.2884215979163365,15.580141162279348,377.4333709514522,435.46329991257426,20.955826130725754,1486.742907556607,-68.61154309433752,286.4578652351747,-80.20675680653659,184.25521694437688,57.27258091158354,1706.5783283458793,8.25403830090259,-28.697584821379618,-23.301933499232685,82.43949718045114,100.0,4095.1227081648426
2017-12-31,630.1237624943757,-10.452279202279202,435.1265260893739,495.1782882821302,16.122634822249893,2554.314359680257,2194.2142880092383,177552.9471235223,607.0908123728132,13593.8501347054,983.001929260451,21052.402716432352,3770.1599902872636,74249.27844148611,158786.7993475946,-55.2261396011396,-67.55920454534719,761.0687559780738,-55.2261396011396,761.0687559780738,-18.319792625390818,10.355008534488853,0.0,1822.2391328368005,-69.81011953284208,-6.594484914324939,37.4965941794138,4.181075224474817,14.654186075005349,479.62225326343014,516.801420487109,57.11204162149293,2933.212313818441,-70.48524491997517,474.43759589005896,-54.11023587813663,780.7772890144857,79.28975763073798,3381.3250367704427,-18.771737809596857,-45.14981246314974,-42.35442304647646,80.56294964028777,100.0,5230.807085589434
2018-01-31,620.5135416197365,-7.620614035087714,474.8460291020813,514.889170070621,-14.049647981673596,2056.286683356264,2410.0636293904604,126296.60446750486,574.1012456228705,10819.846393087286,776.1670967741941,14186.178080389765,3329.6905668853065,56528.31520719293,117076.33529137932,-53.810307017543856,-66.27805625364347,626.1803520920012,-53.810307017543856,626.1803520920012,-35.7109423553264,-16.360812959136428,0.0,1474.4817544635457,-74.8771762451167,-268.40321688385166,36.48410139367313,4.0793370337917745,14.806939076646097,389.54059879181926,437.20365446188873,114.2751277328392,3325.3723266809516,-60.22795156266876,527.3263488245913,-29.115790143764443,1039.0622323475209,116.16144981590809,3406.960161799357,-19.65497285175616,-6.10887501518016,-31.31782267608598,78.86069876389908,100.0,5091.397636574158
2018-02-28,360.25332363167894,-10.873113015095882,326.36721505787796,376.40759678666865,-15.859987704436818,1838.0195252126234,2199.399828761632,102527.26393253893,109.25064348308413,2768.5780544274235,94.70142857142866,2500.5538736002877,527.0102428176832,8501.289571956142,91245.77635166713,-55.43655650754794,-67.23626462991112,533.13291870885,-55.43655650754794,533.13291870885,-26.09454976938005,-26.510611330685364,0.0,1324.2178301905847,-69.26822887126526,28.851919905799516,35.57996121946576,3.98594739074416,15.530377372439407,189.8905067924835,185.99665698479782,86.97930275837132,2556.588192640477,-40.48446229922048,739.9337805561279,-63.134032333540425,420.99056898574486,70.65149409320009,2317.2918692819417,-16.133942579354475,89.00456605227436,17.23319659704645,77.33533536310486,100.0,2018.3312191400703
2018-03-31,279.1468631820698,-8.957559162918049,222.4357373899723,248.68190355852354,-7.90812078906622,1946.3458339988365,2115.6160103010807,78134.27238250911,-10.826405808881034,1272.8308115315817,-68.43967741935482,401.3225269461481,142.30839230309442,3630.432311918603,70914.12394488571,-54.47877958145902,-66.30714445186608,593.5918070472158,-54.47877958145902,593.5918070472158,8.704135671098644,-25.132399492275283,0.0,1414.2312243348615,-34.349839354135206,-69.64348220169967,34.66538887467474,3.89041471508631,15.613976010536469,171.58932821471473,155.10191212009715,-11.867662274234824,1201.1709900589003,-70.28185153674077,341.3926635848447,-63.899890379712375,440.3371044786518,-22.611157767308153,1055.4351557975444,-18.421781679110627,-0.9663111356682075,34.74619938615619,75.83197892922003,100.0,1337.523438608032
2018-04-30,252.9672712992708,-8.349900596421467,205.03650453566334,233.1533406389244,8.080003194889219,2222.798864487332,2048.1857120095606,58254.656827923056,-19.89368117944329,1316.1799246256728,-60.18133333333332,631.7455336609,149.43467899193243,4354.572382335593,53630.439135196386,-54.17495029821073,-65.85570571446169,690.9829520908955,-54.17495029821073,690.9829520908955,-14.75428689416951,11.893664078579281,0.0,1630.7304287651777,93.76346895480401,-65.07168583476893,33.7866146091188,3.7972246099221563,14.982650223053717,204.89812059709593,180.223577137515,50.281553559457336,2516.4202626928263,-51.38216023779301,737.5775058950558,-67.33956927644807,463.1569794469784,37.0816595167778,2286.8537080850497,-19.749090504105293,-22.01186697645533,-11.885046566963453,74.41351748811627,100.0,1145.8589460845303
2018-05-31,276.84919869545695,-6.390156777138323,199.28448168848115,221.6917627128327,5.850527367352054,2198.9016767495377,2074.829855160938,46337.46085733589,-12.047852659820368,1425.9050692215528,-63.27774193548385,540.7551254162277,172.09685541832917,4634.878385427629,43493.89664023447,-53.19507838856916,-64.89933947153337,706.8189306205962,-53.19507838856916,706.8189306205962,-20.836824670979514,11.419803131590234,0.0,1624.8237889288812,15.4347888772703,22.247852083941222,32.9331432069337,3.6979991762119635,15.149399445463875,208.47076012946638,191.2975425031968,68.40046380807227,2764.145933438802,-66.43772866535562,467.51859466040156,-65.02225166798593,494.7028213882716,-1.7360617224462138,1568.3488570597135,-15.570564109232631,-7.184429489298994,-18.299435808889953,73.07218437454704,100.0,1320.1531855740798
2018-06-30,242.12189743580703,-10.15625,238.94501638941867,275.5677606195622,-28.10049595762254,1357.9367382854884,1924.817552088553,39171.84915331178,-0.6421167573173792,974.9180613046661,-57.84366666666665,355.1929101854995,216.8753674603421,3328.819153167442,35174.93713345343,-55.078125,-66.09231368003377,396.2196648770283,-55.078125,396.2196648770283,-10.378126433703983,-36.14075790736747,0.0,1000.3771743908457,-67.50408002209545,-168.9384692247311,32.06430140467034,3.56571637931391,14.97650658162739,216.96324927111212,176.65234177549084,40.99870817047899,1452.7318817015243,-61.082353236898335,328.4824350949018,-59.1900662035719,346.2794784422707,9.046516384159787,1102.4096023101642,1.9037447501135674,-1.0512436162706362,-4.49271538951197,71.69167670955954,100.0,1070.4739270507687
2018-07-31,273.48967508070484,-1.8174133558748973,247.12009970140073,255.32993116465997,-20.412934232543257,1416.9136500519219,1805.0290685486573,30472.658013619985,-40.07968519101416,589.993143511373,-82.13387096774193,105.85626260784858,99.97387960585438,2219.0295247518966,29872.486408611127,-50.90870667793745,-62.71816731776565,469.1761918824306,-50.90870667793745,469.1761918824306,-19.260232693810952,-29.35910604398294,0.0,1051.8301178192621,-70.64013659904505,1198.0548474972632,31.314155590080993,3.446973317637392,14.6313888075982,231.48399116016827,187.92970168035274,61.56062332256009,1756.707857578653,-51.04204138764018,457.8508411279316,-56.21687722076567,403.54648692831364,41.89647746698881,1526.9654748378218,9.808627249512792,64.44699906348748,22.65296946021438,70.58179752909946,100.0,1294.9453739189048
2018-08-31,231.5482847894968,-6.319485078993559,204.79902889518362,224.54332426478936,-12.568204895892855,1530.3627900517552,1764.239746924245,29831.934773745645,-42.304749355747504,624.7937000576425,-82.11,123.29355227657462,86.72586316567272,2247.5137093775356,27895.139751229373,-53.159742539496776,-64.21402553938927,484.81700211904456,-53.159742539496776,484.81700211904456,-20.715966881331315,-10.724174637101036,0.0,1145.2680998716853,-81.61491018296039,-55.15183409920801,30.494716738317518,3.3846747595546844,14.12416258312279,219.250718545962,184.77106945322313,67.04201248107013,1981.0208652598917,-67.43641261162423,314.2581290017163,-60.69500342175398,391.9775689632525,-5.084301675425307,1108.3235837167817,-3.066062820225468,56.20804089934599,57.61592261652817,69.34402812877704,100.0,999.2426514685727
2018-09-30,209.65370423762653,-6.7327986492190846,185.56149558785046,204.5321518815767,3.499687173592192,1831.838889518986,1766.937347848875,23537.290334164703,-50.96379828714771,632.860347950616,-78.25633333333333,222.7636923805863,58.23621380481831,2265.161336524619,22027.236926719932,-53.36639932460954,-64.15796725541624,590.5901548094489,-53.36639932460954,590.5901548094489,-6.4204137709539815,0.3139320714200311,0.0,1384.5949464585672,-75.89953590984928,-95.5474720797486,29.74962370255314,3.342054382446058,13.884648208782702,220.7788371934344,171.221784387182,41.008119319724635,2016.440977701581,-47.13512465506623,692.9203713863665,-65.62183111665813,408.52554798060214,47.28740784446843,2113.330148134119,-3.4981896632267806,-6.795577910749495,18.568406521440384,68.22902005425755,100.0,858.8541654808347
2018-10-31,220.5515973118946,-6.231263383297647,199.77796634819182,218.6953507065047,20.88710354403407,2186.505754777034,1791.3620055264985,20671.198871746972,-55.59067633692321,685.6971202763124,-79.33354838709677,265.8990230718654,41.56443677853419,2406.451055479719,19363.596697428788,-53.11563169164882,-63.76154586650876,729.8911172321489,-53.11563169164882,729.8911172321489,10.027700544086994,9.927885964016546,0.0,1667.2674553913382,-84.7483037919034,-85.71060414500208,29.03024518800683,3.3002937811156485,13.079367837593225,217.6619597846685,167.35626468475965,20.28062707542928,2035.4969604200776,-60.75722016700675,597.0897070039551,-74.00010760724005,356.66955411289854,7.911404568164304,1820.0367579594274,0.1391143360575775,-51.306772270331805,-31.310752008042364,67.16868480193203,100.0,927.5332653920705
2018-11-30,206.3906016366596,-12.522603978300184,185.81128544973237,227.7296745464804,0.46629342253581285,1779.3250850706524,1765.7130962030117,17509.025386091947,-30.138416453547745,847.8803792623384,-51.642666666666635,538.0230776020122,123.83267027809866,2949.246784657756,15352.024988198116,-56.26130198915009,-66.0070726691638,546.1658886744152,-56.26130198915009,546.1658886744152,-12.358843891851379,-12.158885227467742,0.0,1360.9069347186128,125.19574120529401,-1567.2692314388269,28.334528871063156,3.2585872546363026,9.765778250575519,221.10868183095533,159.11713585407995,47.40385822764432,1942.462949814814,-60.24502577370517,450.416608532253,-65.74850036965896,386.6170066675773,7.030160321784895,1387.1336235307901,-0.42391846089457896,-22.736400821097824,-33.11492275250833,66.10794693817377,100.0,838.7520077127422
2018-12-31,164.99055491852323,-2.7345486883059156,176.24703195117166,184.90603921734828,-24.25475556594099,1272.2090613334326,1712.7126661486814,13727.302375373756,-44.04942745172333,503.4133905393388,-69.66741935483869,227.2245814535737,69.89514626737315,1728.067516438093,13254.04957451726,-51.36727434415296,-62.00433162510317,423.6338498147859,-51.36727434415296,423.6338498147859,-6.539587778943423,-29.462080450437867,0.0,971.9076355419196,34.937862981730184,359.8416114941033,27.67896989699663,3.219724708681704,10.510491551400115,203.66198478025458,132.252441409837,40.14299254338552,1393.8294789211761,-57.95448188258258,351.67509040352786,-58.417468963431475,344.0265003104771,0.23150621318275277,974.4064519871616,18.098898599263237,85.89531788785038,35.39088740806058,65.18872545381682,100.0,602.1999419602688
2019-01-31,148.05536756373954,-0.13242109909512578,166.21641437157518,163.6839912494852,2.3401022702304486,1765.9382627368727,1724.6868888609742,13520.33920500751,-55.94999545670707,542.0895597433341,-80.30967741935484,186.79179453592653,41.42604717214557,1967.4012108250968,13525.55487411984,-50.06621054954756,-60.78962132900024,629.4392399491254,-50.06621054954756,629.4392399491254,30.606352969939365,5.355310376697098,0.0,1365.0914602054565,2.3948617958243545,-102.80378278814585,27.040106237519556,3.1815646506549555,10.897501103290374,219.262540110386,133.2936028229375,-6.170456189525453,1299.7975110254163,-74.97903811048026,273.04824928045036,-46.44815588634237,706.5432095048427,-41.11986649269521,781.92721538279,-5.22362274878555,-33.62527804087973,-1.569558874653132,64.3217846723453,100.0,515.3146537718192
2019-02-28,158.31598065275077,-2.228016117563403,175.09391440374125,179.84554756378327,7.669422757706901,1874.612720568064,1734.1329626982063,13499.184108088908,-44.223165022611525,777.2335791038122,-68.03821428571428,407.6077285059057,93.8721972553934,2946.5654266940414,13200.09925159647,-51.1140080587817,-61.425719529258785,660.9000546638592,-51.1140080587817,660.9000546638592,-4.006429607564699,24.871355792547313,0.0,1458.1719491925116,-4.829765112036788,-102.29119912685918,26.446646086256642,3.1453831301917257,10.794322550556835,248.37941957668374,132.78286123956292,32.78817785869812,1981.1081253326108,-63.97541100241051,464.8965367490275,-17.004934281034224,1206.7102668644818,-10.714762509990084,1298.7411963723064,-22.92235412631619,-61.70266118586749,-47.5986974337221,63.50939629356365,100.0,567.2714586059229
2019-03-31,170.08010947526887,-0.021973192704904942,163.81156192955933,163.51710156474795,0.6093825953267684,1734.8225310230812,1723.8432156395168,12975.460497942993,-30.505013694660477,912.5237751653812,-51.79677419354836,603.1874993975831,118.97124522963693,3095.3961437718594,12972.151190758981,-50.01098659635246,-60.36559635913545,628.8714366899956,-50.01098659635246,628.8714366899956,5.354006843006065,12.806563432255613,0.0,1354.550931829452,2.052268254961498,-49.45865175659002,25.82546944094768,3.10720075406814,10.694416554999876,210.60321755435658,150.87283052163883,17.592822236614936,1600.5921606178888,-68.14984002161262,361.35936911911426,-25.930661480860685,967.0433115284444,-19.681916674679833,1063.7262311912577,-24.78119385436932,-34.74897330031121,-53.1041679339754,62.68369858866938,100.0,629.4326553417321
2019-04-30,191.76176597447804,1.9746121297602226,203.0584116477704,195.5013788174757,47.40183550456001,2640.6949793204058,1759.3896327656519,13082.323012826115,37.06434069720616,2909.685430160933,30.887333333333356,2757.910278823364,376.75398497749217,10360.649617017698,13349.055129948027,-49.01269393511989,-59.383473022980304,1012.6852684531832,-49.01269393511989,1012.6852684531832,-15.513799093341795,38.527471986787695,0.0,2083.0672592863853,-28.178074191949943,-348.900263697011,25.261413234308282,3.0722295714793457,10.793162773218956,244.63735793967635,180.49818384379478,50.73658383847381,3194.883123925395,-64.00313352628764,693.7943041822615,-43.94423128484305,1120.6375522327357,2.896457345581216,2168.0294467710946,-17.963814561654324,23.075102781879743,-7.591026649561616,61.9550251114497,100.0,751.2492808454612
2019-05-31,212.66003752745104,5.733482642777155,225.56064341087873,207.03233426004144,98.0396627053572,3745.4080450125966,1835.8858678151062,13789.8743160865,145.2846794291468,7788.290161291305,122.02354838709688,7051.024552423625,777.1583434969409,28119.893321561456,14570.504713257762,-47.133258678611426,-57.69561261474523,1531.7835747983456,-47.133258678611426,1531.7835747983456,-18.054452647645924,42.71360880569426,0.0,2976.8258805173496,-77.41966809558758,4779.980237822692,24.69320476601378,3.036896921200549,10.113642969970126,258.9315547759976,196.8901439179624,53.347405221118095,4633.435157309659,-68.53897228293843,877.5348866004022,-53.96685805565069,1309.008908284887,-5.15189338803459,2852.7944367457376,-12.4875751867621,86.81122706946938,50.35559437869039,61.255555400755114,100.0,877.5629906666709
2019-06-30,194.3206774608388,3.1264262893655914,172.63019460701025,162.90951369447782,134.67204089275165,4809.455555650252,1985.4484880135967,15287.624218925364,118.73140005606095,8530.412568345379,98.68033333333341,7777.455942042234,551.1442286306121,25728.938782892692,15780.875411586274,-48.4367868553172,-58.55184671505982,1949.2119665327828,-48.4367868553172,1949.2119665327828,12.698045311237284,32.318118635746714,0.0,3846.5004738991865,-167.60778644467692,6809.947306263928,24.134200603259636,3.0013696929909406,8.781140588278213,198.83709525851452,144.1359542598636,12.761647538778774,4358.869919818407,-61.047405523294394,1445.4293852509882,-60.69172585381195,1458.226019799476,-2.829853643825131,3754.254399261314,-15.221846368874836,212.751810819246,140.75573976591517,60.55435808922913,100.0,766.246611810071
2019-07-31,150.9469643355041,4.080296748854462,88.02779890604752,80.83517351558622,108.22163807163881,4613.863331445521,2166.7801959969484,17132.76124265459,-15.95095867831552,3117.98713218824,-9.376957702034828,3399.0007389407792,103.73139259364793,7727.6406606722985,17788.738582780115,-47.95985162557277,-57.97740807551828,1884.0006531068132,-47.95985162557277,1884.0006531068132,21.062959633037547,9.444733089924306,0.0,3706.9844933782547,-195.56307302009793,-2.6358253227484196,23.562408380629442,2.9646093123249173,9.469843556513169,139.18279761610418,23.246448347693892,10.815106478816915,4141.4673965346055,-53.29176244615367,1703.3639934182706,-50.83487587249419,1801.8627018354007,-18.91519836390636,3024.2340363634007,21.167204503053405,161.14733542296818,175.24261799574336,59.850754383580274,100.0,529.7437890920476
2019-08-31,147.8047696422414,1.7627856365614702,128.38071986737046,123.83875094797597,116.33073217462791,5111.503106396238,2311.460424978258,18623.386407936352,-40.18554983923662,2440.9871056403945,-36.80445840535796,2596.070106349374,71.25603891152561,7165.881993889507,18932.340390894602,-49.11860718171926,-58.72212947531548,2052.8908297868134,-49.11860718171926,2052.8908297868134,132.5648732859895,31.873174156553684,0.0,4127.109841125707,-212.66729112405557,-100.144782211675,22.989011231816736,2.9269684428203213,9.535458428606924,184.83334165227677,54.395241796214336,-51.57187798354419,1992.0738725534584,-79.27160354159759,804.8845231921661,-64.8797002553914,1449.4118921976994,-55.42879292793034,1817.3187558106292,64.8367972916468,41.38046316058548,92.6896761921437,59.13410033696251,100.0,514.0720385744432
2019-09-30,130.8764803620303,3.7144775117476048,88.49850691730441,83.0156488482934,104.62775134605265,5033.225885556849,2408.837122178989,19885.78083064651,-53.81800470781353,1825.4072819821452,-62.52316731732323,1459.3930751787352,12.00507456191029,4576.432139155294,20593.489996739085,-48.1427612441262,-57.73943776607542,2073.9660075546644,-48.1427612441262,2073.9660075546644,92.87992410081422,64.4088397994484,0.0,4083.5018162609417,-204.2754123912133,37.67976889534006,22.44741019194647,2.891097309790225,9.436978400717532,136.57673440954014,78.55722550942805,-33.00835234943541,2688.241019616667,-74.84640532472415,945.5164705217923,-54.90887775316293,1777.6104232249136,-48.06463595312164,2062.127766126032,70.98939783004217,-2.603336685602342,13.566100027674398,58.47700005836876,100.0,433.03949184358953
2019-10-31,107.59931136422254,-0.7894736842105288,86.82873373823064,88.15003485492994,54.41248156328196,3752.834660656976,2396.022019948492,21409.716922597756,-53.24282414541859,1390.5035166548953,-63.43935483870966,1075.3124206886635,8.157139252656576,3317.340988568511,21207.21316713931,-50.39473684210527,-59.392660029890365,1456.6353185195928,-50.39473684210527,1456.6353185195928,151.13708750783383,58.42726472301072,0.0,3054.332962132364,-216.8041257911634,-194.01028495719913,21.88582475630314,2.852934824860709,9.224189021260255,131.94477896129646,101.74641116424566,-48.33728025492361,1510.9506709690304,-82.6566092891624,444.37785019518685,-65.6791439460601,992.0718568920402,-64.82755421246165,994.1982134357388,82.95590567176463,122.474712930702,29.057472772295068,57.7685504123479,100.0,330.9747407889941
2019-11-30,83.3261604875907,-8.668530866853086,73.22920914305007,89.98337377677971,20.789873054561237,2806.4240237606887,2305.4527590905445,19576.57416765397,-41.458930576673346,1301.810700915463,-54.24466666666665,999.561632407695,13.642099059106183,2612.0170776740893,17846.288795417622,-54.334265433426545,-62.43917194862681,994.036401643795,-54.334265433426545,994.036401643795,147.49780207288677,65.9291206219512,0.0,2290.5619143332897,-1590.2116750778875,-100.02569644605042,21.291399614550887,2.8112093367509416,8.842650000019203,94.10903914794089,69.86217248965545,-51.85983425202596,1023.9873606376333,-86.30713422790936,218.48863714993078,-64.92998646748377,734.1452579980102,-77.06672941275315,430.02446870401405,46.760485466474535,-18.010020297057228,4.763177797680429,56.9686343470863,100.0,236.0848111912186
2019-12-31,54.94090730441437,-9.085522417539005,42.553306977091324,56.780064269790984,-9.560778364629819,1964.9543964229615,2184.8023227445806,15250.208499326209,-61.630534034638195,554.4408848494019,-76.7441935483871,296.56037409487317,-40.378973471572074,911.8200697285051,13880.22584265939,-54.542761208769505,-62.41991556235889,675.9694351957017,-54.542761208769505,675.9694351957017,171.6774257814218,57.94210056114846,0.0,1607.3840478795375,293.14974518438623,-153.19132896356805,20.652742195140217,2.765671803056935,8.63314378801945,54.70401526383031,40.82950728668961,-53.56348005121646,690.7892874315282,-87.15264880797996,117.87997356322846,-76.43502507606468,297.66959204007395,-81.94205932347016,205.12856496332367,23.04298498513704,-24.18225876183806,-21.712577553057464,56.1137157260229,100.0,140.0668475631513
2020-01-31,53.28358337462422,-2.6710499280871214,43.06272136084623,46.64620916502731,9.919130904680152,2350.229022458807,2127.9238264766777,12892.931543947261,-66.94283541576067,579.0767460310562,-75.82064516129032,398.84616848984035,-46.241671626914595,1011.5192344685391,12527.753471582273,-51.335524964043564,-59.56516849392597,888.9590398749835,-51.335524964043564,888.9590398749835,137.84199278032472,134.6164615107224,0.0,1935.2663654515136,93.80385889398275,-626.9089015089315,20.07462426501776,2.7244112576457535,8.253508882080896,61.73503638708973,41.940886720338135,-50.276251299463716,933.263101920948,-93.77848481325492,32.33612940535069,-41.8147267829699,1097.2837247666632,-91.69438902657423,77.18216379328939,-4.203389219227027,-20.52050477983026,-22.138390169903666,55.39132388846948,100.0,134.95856932165373
2020-02-29,48.10810312218714,-8.74340949033392,36.82885949031744,48.370345019445324,25.637140030163017,2763.5008640910683,2180.372307101546,10519.841249859404,-60.805803025781536,841.7861664375538,-63.282068965517226,782.6531699534073,-41.29905355569203,1310.1023243658847,9699.094185504224,-54.37170474516696,-61.90907829887209,997.8361757665633,-54.37170474516696,997.8361757665633,228.22236471895758,198.61658091182784,0.0,2291.356243455844,130.6589110193745,-1407.5241891839405,19.519629188452402,2.6837139296790546,8.600438867071535,49.13482993369278,33.14383759736652,-61.65338721890545,821.4313205438696,-86.49304643490643,218.22411047528652,-75.94220214753969,464.570721709745,-82.07289045340829,322.23520493668565,-12.43880763526385,-24.61445152021836,-23.976829781401186,54.66257285855145,100.0,119.36010210452426
2020-03-31,58.05406205839883,-7.055482743556141,42.37563674872074,54.488537422106376,-9.63557021666489,1878.746901550329,2083.334889953605,9616.528122325202,-35.703793343541875,886.0642796675716,-24.46146813574812,1046.8062844000895,-10.743101460994254,1285.394235985854,8877.24564265009,-53.52774137177807,-61.02563813355977,684.6841678152233,-53.52774137177807,684.6841678152233,134.24131542500558,115.00867709673747,0.0,1559.6153055894415,38.33248919845338,-937.9732038750022,18.9760286973198,2.643447188952086,8.123005999882182,46.105771417620886,42.813472250130545,-42.11694958145442,811.7673542918715,-86.1276254043368,121.51832334122452,-66.18996073214223,444.26006848426687,-80.9539841572364,205.81893852175773,29.471295027782585,330.73766407265055,112.05120564733218,53.96524533359002,100.0,149.81086533160183
2020-04-30,71.60878862842415,1.2110338640950902,47.49106110444434,45.88599981711579,-5.8618358768021235,1869.8210536915603,1992.4967305631437,8505.378229574717,-62.472776044906865,533.4052071410441,-57.637333333333316,629.2586219795288,-49.28723667628939,757.342316401019,8603.044846944818,-49.39448306795246,-57.37428084598895,738.3247170149566,-49.39448306795246,738.3247170149566,151.61701057817112,115.98212447688402,0.0,1559.2894077292715,-54.11604198072385,91.24844952929554,18.484023911020863,2.607164418928254,7.351695747327658,35.44552153372755,42.58278233985637,-49.18938158869538,750.9750832056144,-78.87177547524288,252.0126286012049,-55.75716618519637,636.5764292359081,-69.51770831648432,409.38072405532813,55.58594430369932,537.8223353625748,443.17463121235596,53.391009710918325,100.0,194.49576334515157
2020-05-31,88.64691700653104,-9.264069264069263,49.72147626761225,64.06009233856406,12.74656434118251,2264.599711788379,1997.909947705099,8157.120413197119,57.965681857429516,3069.760088218203,89.46662456203664,3699.68290431885,109.68518155297264,4114.020599225467,7416.450096172561,-68.41450216450217,-73.26692380978494,529.7616634478385,-68.41450216450217,529.7616634478385,150.8216720457997,156.89165736190031,0.0,1901.207647757079,-70.54309337698005,347.29764589758184,17.840904910900978,2.565843987597849,7.751249770348223,34.02138615216344,45.313241439629515,-50.2373832677822,893.1785055824118,-80.87922395347135,281.05649083602145,-48.55400645394482,930.0158374739544,-71.97350854908335,459.35333611702856,85.78832167989215,124.01283739579463,275.57268635187313,52.69225755681188,200.0,255.8765929606901
2020-06-30,67.58666725877471,1.881298992161251,42.51882245936396,39.932166712234604,-11.970014775684156,1631.6513754543414,1870.1199811364838,7292.582662818056,-50.14121154163189,632.252355615948,-49.93058644675932,632.0023941254944,-32.889648954851694,882.1327123132081,7403.1820666417925,-74.52967525195969,-78.32336540423297,274.46315250523054,-74.52967525195969,274.46315250523054,196.83517777095182,96.57096466377013,0.0,1373.8951603494997,-98.21234086700584,-93.99758312934765,17.184915455048543,2.5298516877961363,8.12268355010497,33.85698271683197,41.41438294369038,-55.79659158969814,549.6377622773306,-79.38736905264676,203.1701632666064,-48.504974713020886,661.656288502054,-70.47330024498748,332.546512553522,84.13483953144161,-9.610274701845734,25.036657804030682,52.15044647228384,200.0,180.8529104290327
2020-07-31,104.88994231646825,5.131729667812146,64.26792679295876,55.81512424773207,-10.145499021250115,1594.1276379014507,1784.411498058143,7720.192166685314,-11.26828411536266,1229.3888554224934,0.7929664574962914,1411.9862606657043,40.37132849388594,2007.2715507650873,8101.708308208552,-59.29572467624623,-65.21221982863968,487.5933676659571,-59.29572467624623,487.5933676659571,116.66317778597306,113.9433987870257,0.0,1348.3746869274962,-106.6077193037818,-61.09992476252408,16.84358874517533,2.4958209107535545,8.54266708035829,56.17631974925295,77.20616642434226,-42.42805571891004,745.121805696729,-79.51765991953314,198.15968006712237,-42.80205543542236,728.1439970578809,-63.56152689999048,431.58195452023296,76.28303417739674,-56.99451778098648,-34.61598042520272,51.665358834485176,50.0,319.79888462445683
2020-08-31,98.04259099725252,-2.7532802753280294,59.426685949327606,63.00059773790802,20.406286247341466,2247.399135257985,1849.7387642408257,7994.237424667666,11.97882123495273,2150.85411285169,7.552865716374768,2062.660663210822,58.300831026738756,3082.597743777926,7775.491126416619,-51.37664013766401,-58.339383064280085,877.6812971009479,-51.37664013766401,877.6812971009479,98.28272036132459,184.33194110765308,0.0,1911.2637381824104,-92.29363554191444,-272.3716319735219,16.593412351233304,2.4567690293141986,8.73517031023734,40.19515389033936,68.96305025828349,-40.492763057373836,1099.336837864719,-77.60410855352926,352.0387701262627,-63.40380078622143,637.4862845829978,-62.03653140043126,666.1789645940763,76.85051553480275,-18.508972022933236,-36.896320191311204,51.073897522098655,50.0,292.2086784890505
2020-09-30,95.7153294667954,-0.35188036067737016,64.76823108119937,64.44532440353532,4.522984946429531,1945.421184782796,1856.8304490923892,7884.6585010228355,-4.882476047732565,1567.764080656389,-14.51606543632865,1400.6601050640184,36.96634739655593,2304.896441199649,7839.382790037699,-50.175940180338685,-57.220987924944744,775.2719209695233,-50.175940180338685,775.2719209695233,73.24027978064281,111.34434821832136,0.0,1656.1499861410834,-93.47220441774238,-274.4220581243038,16.35478465930722,2.4194793646322044,8.43206699714707,42.677048137605624,70.33129832598443,-30.07632835589821,1129.7174782627046,-75.13558478676595,336.77816402796844,-63.05427750620682,549.4502113342088,-57.48397346082381,647.4603688512135,26.79586521286239,126.81573950857077,10.533457974659054,50.532978014656905,50.0,283.04490188296273
2020-10-31,68.64168768794194,-7.54841549295775,39.64905212516656,50.85209274608646,9.7742058353248,2051.269071075212,1858.1183392086914,7659.01687735611,22.621500976032284,2256.6275505754666,22.794838808289477,2260.9544144254182,51.5026339588772,2793.911558436771,7068.998843981308,-53.77420774647887,-60.22785991816772,748.294790653153,-53.77420774647887,748.294790653153,79.8603154543716,82.34334853740499,0.0,1750.8970681030366,-70.4436108731777,98.01223484137363,16.105155627504033,2.379721205343821,8.211092380357421,25.901376615364068,48.53599797843216,-32.21957963550852,1161.0204607885012,-80.49513741762844,263.31116513262924,-64.82805407494105,548.2563967727095,-70.80472877228239,442.3760712317515,-1.8942772129753704,76.0153935496343,109.55168966123013,49.92880558200865,50.0,184.40018826237346
2020-11-30,66.96604469483793,-1.0414358519831635,44.36440135595443,45.736292473613815,27.983958223851868,2565.6644370701833,1978.4886230085026,6477.288114180419,16.345661919469357,2446.754057813352,0.7117112922002455,2105.4300798243758,30.107514199610506,2758.476646884129,6393.418252298292,-50.520717925991576,-57.33938721489915,1041.1431219849908,-50.520717925991576,1041.1431219849908,78.60755286294385,102.3016129480204,0.0,2198.2608280752756,-3.2856718508249783,207.89347424862888,15.870491513627115,2.3425745291776323,8.686776627089499,13.067769026806776,35.49636192404482,-30.61741570286066,1480.9593348765225,-80.81201106492827,342.0252027321968,-69.65303806947544,593.4515702508698,-73.05423458505335,522.0169858639133,-9.843066691475254,32.85034679645273,43.28389602574569,49.407606294395535,50.0,178.77660081038616
2020-12-31,67.9541481159831,-3.7936913895993185,41.73000531128965,46.825643694872724,35.404240726676136,2984.410320094444,2168.9450572722963,6184.187638003744,-11.676187460285137,2298.848102453213,-18.6310532722081,2106.742436425078,1.569808438182907,2657.708976646303,5948.695822865188,-51.896845694799666,-58.439258928534144,1188.335842599789,-51.896845694799666,1188.335842599789,75.49158891945528,109.1331660328589,0.0,2564.987814242733,117.07175256779139,129.29001545779607,15.623245647877827,2.303005859471563,8.502671010865814,13.664483656179005,41.59173021152513,-30.772477726984437,1759.5813235067928,-69.54919896951863,717.2272369109459,-77.63289541533726,493.8001897246405,-56.71142941453022,1064.623700860003,12.057206157373423,145.8826466836606,77.3047401011901,48.847965527523506,50.0,182.08595869365593
2021-01-31,77.53595866589875,-5.639250814332253,42.720906582110054,50.179361943659885,53.91671149106428,4297.171983824704,2768.487248274842,5692.67236273097,-19.736397006122942,2957.1430712078,-24.54050868530937,2798.968474196574,-5.58132268419258,3501.9858784495755,5363.238684970192,-52.81962540716613,-59.147107234382965,1699.9546614426245,-52.81962540716613,1699.9546614426245,71.66470026556262,136.8138232494537,0.0,3707.32096642708,153.08024215215173,474.89109066070733,15.362821317988207,2.260939478447299,8.357235748947488,16.814374944036725,49.369255794611576,-31.44726607653365,2521.183690093222,-69.8887819369111,1060.0739968914213,-79.22483218012451,696.9732864954901,-54.7681462734751,1642.563009090627,24.584610676825356,1.6917346186470672,23.25213405922224,48.25445892994551,50.0,215.1901661941971
2021-02-28,71.02096229139585,-41.22209165687426,-18.882868877211457,37.86349732457486,50.35393174475769,4595.544145292071,3014.429365518197,4899.426815843518,-19.760065468120402,3168.45392098559,-31.32435436765011,2687.2503926722948,-45.66383559987649,2105.4122211791027,4742.152517030333,-70.61104582843714,-57.987453044924955,1094.2199774891105,-70.61104582843714,1094.2199774891105,83.75370863587379,119.52195443863651,0.0,3975.4602046401283,107.01627900909956,9.527482936501563,15.080312908882698,2.2127979344196858,8.088674904545211,-32.53214008359825,-8.563608445206993,-60.5967216620318,1502.1001644601445,-67.83592615520776,1211.1783611633339,-81.64176194826338,642.2220736933617,-70.5035535949904,1101.6836065603236,41.39307706260902,86.91118039572079,23.800561567895183,47.41808068470401,50.0,192.48169543075045
